designation,num,id,ra,RA_ICRS,dec,DE_ICRS,GMAG0,BP-RP0,ecl_lon,ecl_lat,parallax,pmra,pmdec,ra_error,dec_error,parallax_error,pmra_error,pmdec_error,radial_velocity,radial_velocity_error,ref_epoch,teff_gspphot,vbroad,vbroad_error,_r,mass16,mass50,mass84,teff16,teff50,teff84,logg16,logg50,logg84,met16,met50,met84,dist05,dist16,dist50,dist84,dist95,AV05,AV16,AV50,AV84,AV95,fidelity,XGal,YGal,ZGal,RGal,BP/RPCorr,AG50,ABP50,ARP50,Separation,AB50-AR50,GMAG0-desc,BP-RP0-desc,ra_epoch2000,dec_epoch2000,errHalfMaj,errHalfMin,errPosAng,source_id,ra_x,ra_error_x,dec_x,dec_error_x,parallax_x,parallax_error_x,parallax_over_error,pm,pmra_x,pmra_error_x,pmdec_x,pmdec_error_x,astrometric_n_good_obs_al,astrometric_gof_al,astrometric_chi2_al,astrometric_excess_noise,astrometric_excess_noise_sig,astrometric_params_solved,pseudocolour,pseudocolour_error,visibility_periods_used,ruwe,duplicated_source,phot_g_mean_flux,phot_g_mean_flux_error,phot_g_mean_mag,phot_bp_mean_flux,phot_bp_mean_flux_error,phot_bp_mean_mag,phot_rp_mean_flux,phot_rp_mean_mag,phot_bp_rp_excess_factor,bp_rp,dr2_radial_velocity,dr2_radial_velocity_error,dr2_rv_nb_transits,dr2_rv_template_teff,dr2_rv_template_logg,panstarrs1,sdssdr13,skymapper2,urat1,phot_g_mean_mag_error,phot_bp_mean_mag_error,phot_rp_mean_mag_error,phot_g_mean_mag_corrected,phot_g_mean_mag_error_corrected,phot_g_mean_flux_corrected,phot_bp_rp_excess_factor_corrected,ra_epoch2000_error,dec_epoch2000_error,ra_dec_epoch2000_corr,angDist
Gaia DR3 6490573544291074304,1,0,348.3171842,348.305087,-60.58422894,-60.58791745,5.665417,0.936648,317.6938945,-49.43237176,3.459966308,39.64006287,-23.18514203,0.020562543,0.02593456,0.029630782,0.024044143,0.033463933,,,2016,,,,0.0069,0.616022,0.73608,0.804334,5065.45,5426.55,5513.28,4.50686,4.554503,4.673439,-0.957541,-0.608562,-0.261564,1.67094,1.729794,2.325478,2.687733,2.912877,0.006007,0.016111,0.139201,0.217471,0.396011,0.596191,-7.079051,-0.85766,-1.848172,7.130816,0.044034243,0.118978,0.145864,0.084876,25.17475375,0.060988,5.665417,0.936648,348.31682549,-60.58412589057,5.764E-4,3.377E-4,155.32,6490573544291074304,348.31718419877,0.0206,-60.58422893613,0.0259,3.46,0.0296,116.7693,45.923,39.64,0.024,-23.185,0.033,371,0.3707,2934.79,0.244,80.44,95,1.6661,0.0063,26,1.013,false,4489610.0,3230.9,9.056846,4516270.0,44749.6,8.701593,3540750.0,8.375157,1.795,0.326436,,,0,,,,,489280338,,0.002864,0.011114,0.008896,9.056846,0.002864,4489610.0,0.626,0.39,0.5424,-0.3913,0.734771
Gaia DR3 2382427228199293824,1,2,345.707633,345.707633,-26.92170842,-26.92170842,1.718596,0.234519,336.1460494,-19.138567,2.030447397,20.57543955,1.122409673,0.02006233,0.019751903,0.027087007,0.022440434,0.020220287,,,2016,7837.752,,,9.2E-5,1.638523,1.747179,1.846456,7614.19,7975.96,8220.37,4.022924,4.044944,4.088483,-0.430279,-0.214737,0.201987,0.471983,0.478068,0.481646,0.493334,0.499673,-0.154918,-0.054345,0.120227,0.206214,0.211842,1.0,-8.024724,0.089888,-0.439524,8.025228,-0.007592678,0.109567,0.130381,0.07444,1.5E-4,0.055941,3.278831,0.67326,345.70753039202,-26.92171340442,4.058E-4,2.749E-4,54.17,2382427228199293824,345.70763295341,0.0201,-26.92170841597,0.0198,2.0304,0.0271,74.9602,20.606,20.575,0.022,1.122,0.02,254,4.0894,1166.35,0.152,27.29,31,,,16,1.187,false,1507390.0,588.121,10.241803,993786.0,541.552,10.34531,753734.0,10.05485,1.159,0.290461,,,0,,,,,2601492,,0.002788,0.002852,0.003803,10.241803,0.002788,1507390.0,-0.008,0.3663,0.3257,0.3544,0.329845
Gaia DR3 1932476489951202432,1,4,340.4758944,340.4758944,40.51083178,40.51083178,2.185573,0.091031,2.019758648,44.19157183,1.787687838,-1.517550505,-4.948335962,0.019157648,0.023791527,0.03363201,0.02562108,0.032846157,-3.1652195,10.705,2016,9221.556,67.416916,124.22249,2.3E-5,1.486825,1.676742,1.751962,7783.29,8634.55,9251.72,4.243989,4.320208,4.379519,-0.521083,-0.219938,-0.102625,0.526714,0.535855,0.547682,0.563969,0.572701,0.139819,0.15492,0.490733,0.645466,0.741284,1.0,-8.272122,0.52157,-0.150727,8.288548,-7.65E-4,0.448279,0.533165,0.303777,7.2E-5,0.229388,2.866597,0.626589,340.4759032976,40.51085377209,5.521E-4,3.76E-4,154.61,1932476489951202432,340.47589442634,0.0192,40.51083177948,0.0238,1.7877,0.0336,53.1544,5.176,-1.518,0.026,-4.948,0.033,504,14.642,6459.53,0.291,163.0,95,1.6678,0.0054,23,1.497,false,555072.0,248.081,11.326493,364212.0,249.432,11.435156,283964.0,11.114737,1.168,0.320419,,,0,,,,,,653527321,0.002798,0.002888,0.003819,11.326493,0.002798,555072.0,-0.001,0.414,0.5242,-0.2918,0.082832
Gaia DR3 2401638960512043264,1,5,338.3013759,338.3013759,-20.03935739,-20.03935739,2.688228,0.493744,332.4697641,-10.14998839,4.714879438,4.684710117,12.11754642,0.013616322,0.014748441,0.018824188,0.016623583,0.018043887,9.180768,0.52210975,2016,6414.073,6.749523,4.37835,5.8E-5,1.443919,1.454061,1.501426,6537.3,6841.43,6998.86,4.085761,4.123259,4.156988,-0.124633,0.067591,0.190295,0.208379,0.209523,0.210793,0.212462,0.213955,-0.004224,0.081094,0.23795,0.289809,0.365317,1.0,-8.111198,0.069529,-0.178084,8.111497,5.97E-4,0.210287,0.253835,0.146196,5.58E-5,0.107639,2.819553,0.577909,338.30135372077,-20.03941124606,3.571E-4,1.76E-4,40.24,2401638960512043264,338.3013758835,0.0136,-20.0393573903,0.0147,4.7149,0.0188,250.4692,12.992,4.685,0.017,12.118,0.018,324,-0.3213,689.14,0.098,12.8,31,,,16,0.986,false,2936480.0,528.69,9.517798,1732770.0,830.098,9.741687,1749990.0,9.140304,1.186,0.601383,,,0,,,,,5770608,,0.002762,0.002838,0.003792,9.517798,0.002762,2936480.0,0.001,0.267,0.2954,0.604,0.207887
Gaia DR3 2173914571812599680,1,6,327.0671362,327.0671362,54.3875213,54.3875213,1.937967,0.146534,3.855200275,60.67008551,7.625063717,35.64953815,30.80150423,0.018050652,0.018807584,0.020541271,0.025815869,0.025224596,-11.78762913,0.216706425,2016,7584.52002,69.81506348,1.775262475,2.09E-4,1.688098,1.822449,1.835055,7845.39,8372.26,8813.58,4.177658,4.235268,4.244843,-0.116708,-0.089573,0.112347,0.129741,0.130101,0.130148,0.130973,0.131321,0.09834,0.152316,0.346297,0.473233,0.476787,1.0,-8.218697,0.128792,0.001217,8.219706,-6.6E-4,0.316039,0.375961,0.214381,7.92E-8,0.16158,2.771185,0.568687,327.06686407788,54.3873843996,4.472E-4,3.782E-4,130.67,2173914571812599680,327.06713617448,0.0181,54.38752129548,0.0188,7.6251,0.0205,371.207,47.113,35.65,0.026,30.802,0.025,337,-1.0368,940.74,0.163,16.68,31,,,26,0.959,true,1.39466E7,3650.91,7.826195,9192040.0,5050.74,7.930013,7085970.0,7.621898,1.167,0.308115,,,0,,,,,,722398578,0.00277,0.002853,0.003796,7.826195,0.00277,1.39466E7,-0.001,0.4193,0.4089,-0.1641,0.753857
Gaia DR3 6786140038118162816,1,7,321.5162325,321.5162325,-29.93021046,-29.93021046,1.84074,0.252309,314.3785051,-14.07854562,4.16067848,22.30485101,-38.27306473,0.448891759,0.357892871,0.608689368,0.586616814,0.436654627,,,2016,7268.45459,,,1.97E-4,1.479849,1.786355,2.091138,7367.16,7717.59,8104.46,3.872547,3.991492,4.144452,-0.142647,0.084493,0.19031,0.156094,0.190642,0.219467,0.300069,0.321797,-0.046477,0.113539,0.282083,0.457518,0.598204,0.666016,-8.05181,0.044418,-0.155669,8.051933,0.03342104,0.25419,0.304109,0.17411,1.22E-7,0.129999,2.722212,0.559936,321.51611812914,-29.93004036013,0.0108515,0.0050129,57.97,6786140038118162816,321.51623251714,0.4489,-29.93021046269,0.3579,4.1607,0.6087,6.8355,44.298,22.305,0.587,-38.273,0.437,262,220.4234,312016.62,3.626,13650.0,31,,,16,20.461,false,5678520.0,11469.8,8.801779,3749840.0,3070.86,8.903511,3095120.0,8.521203,1.205,0.382308,,,0,,,,,753231,,0.003522,0.002928,0.003809,8.801779,0.003522,5678520.0,0.033,9.5761,7.1542,0.6079,0.708737
Gaia DR3 6861716894000051072,1,8,309.5408637,309.5408637,-17.50178747,-17.50178747,2.048261,0.336373,307.3903133,0.953103393,3.080756792,3.561215672,3.235269433,0.015346823,0.010802045,0.017800704,0.017429104,0.012263459,,,2016,7499.855957,,,2.1E-5,1.670214,1.731119,1.804364,7505.61,7771.97,7955.97,4.104403,4.134591,4.163064,-0.11044,0.089227,0.28733,0.317229,0.319331,0.321473,0.323389,0.324891,0.011502,0.017786,0.124731,0.224475,0.346394,1.0,-7.957424,0.129399,-0.166607,7.958476,-0.006295562,0.113123,0.13491,0.077137,1.43E-7,0.057773,2.688228,0.514914,309.54084710971,-17.50180185113,2.905E-4,1.867E-4,72.44,6861716894000051072,309.5408637056,0.0153,-17.50178747216,0.0108,3.0808,0.0178,173.0694,4.811,3.561,0.017,3.235,0.012,255,-2.568,520.94,0.085,8.134,31,,,17,0.886,false,2489450.0,771.577,9.697109,1582850.0,2001.78,9.83994,1320810.0,9.445794,1.166,0.394146,,,0,,,86993095410368058,,298160207,,0.002776,0.00311,0.003865,9.697109,0.002776,2489450.0,-0.006,0.2826,0.1984,0.2541,0.076973
Gaia DR3 6860869651574027648,1,9,307.388438,307.388438,-18.22005316,-18.22005316,2.381899,0.169605,305.2273882,0.764117706,3.461731731,6.716596201,1.776003772,0.016859898,0.010963234,0.019136207,0.020418376,0.01381638,-14.292047,3.807645,2016,8261.8,147.88402,15.271997,3.1E-5,1.426248,1.540292,1.648221,7833.9,8162.7,8577.76,4.250007,4.298474,4.325187,-0.514929,-0.282775,-0.092779,0.282492,0.283506,0.284646,0.289104,0.291119,0.05191,0.146121,0.299234,0.421002,0.588775,1.0,-7.978313,0.110199,-0.140481,7.979075,0.002744556,0.272241,0.324293,0.185123,2.15E-5,0.13917,2.678404,0.505329,307.38840657828,-18.22006105045,3.471E-4,1.908E-4,67.87,6860869651574027648,307.3884380055,0.0169,-18.2200531571,0.011,3.4617,0.0191,180.8996,6.947,6.717,0.02,1.776,0.014,407,-0.1004,1204.43,0.114,21.55,31,,,18,0.996,true,2016880.0,553.708,9.925669,1332870.0,908.315,10.026571,1028110.0,9.717795,1.171,0.308776,,,0,,,,,298084470,,0.002771,0.002887,0.003813,9.925669,0.002771,2016880.0,0.003,0.3295,0.2198,0.4051,0.111138
Gaia DR3 6475174441563986304,1,10,306.0491988,306.0491988,-51.72367967,-51.72367967,1.41797,0.318728,295.2829857,-31.40150503,2.878349195,15.01114975,1.450732544,0.048114188,0.03861928,0.06503882,0.050665103,0.053749803,,,2016,7388.8364,,,6.7E-5,1.589577,1.932718,2.098,7423.6,7530.09,8129.38,3.811727,3.88264,3.943387,-0.523279,0.080049,0.386242,0.331065,0.337431,0.34392,0.349886,0.361106,-0.03197,-0.03056,0.08237,0.319536,0.410901,1.0,-7.925802,-0.063109,-0.197773,7.926054,-8.44E-4,0.074387,0.088881,0.050892,6.96E-5,0.037989,2.58697,0.501131,306.0490910673,-51.72368611596,9.251E-4,7.424E-4,37.62,6475174441563986304,306.04919876886,0.0481,-51.72367966831,0.0386,2.8783,0.065,44.2559,15.081,15.011,0.051,1.451,0.054,262,43.9342,8482.59,0.434,241.8,31,,,18,3.468,false,4027990.0,1154.98,9.174645,2608520.0,2338.27,9.297558,2102920.0,8.940841,1.17,0.356717,,,0,,,,,481825201,,0.002773,0.002955,0.00387,9.174645,0.002773,4027990.0,-0.001,0.8153,0.8616,0.2098,0.241366
Gaia DR3 6422751440841970688,1,11,305.6521782,305.6521782,-70.18344995,-70.18344995,1.908496,0.07838,287.4930737,-48.90111633,0.835608831,11.63405633,-3.46041133,0.009389541,0.012556505,0.015204585,0.012034402,0.01543237,,,2016,9019.99707,,,5.4E-5,1.685531,1.799006,1.893915,8439.61,8811.11,9671.17,4.213274,4.272796,4.32741,-0.403822,-0.209034,-7.62E-4,1.090756,1.106198,1.143947,1.173044,1.197338,2.08E-4,0.096865,0.185782,0.376379,0.431068,1.0,-7.416458,-0.552043,-0.624441,7.436975,-0.011704922,0.172099,0.203303,0.115474,1.4E-7,0.087829,2.553139,0.493744,305.65202566878,-70.18343456699,2.523E-4,1.873E-4,166.63,6422751440841970688,305.65217819209,0.0094,-70.18344994666,0.0126,0.8356,0.0152,54.9577,12.138,11.634,0.012,-3.46,0.015,538,1.3422,1712.01,0.133,29.17,31,,,30,1.041,false,211786.0,69.3915,12.372625,145175.0,109.939,12.433815,98201.0,12.267606,1.149,0.166209,,,0,,,,,484303481,,0.002778,0.002909,0.003824,12.372625,0.002778,211786.0,-0.012,0.1914,0.2492,-0.1347,0.194217
Gaia DR3 6430985408544678656,1,12,304.3074075,304.3074075,-61.57396995,-61.57396995,2.885473,0.559936,290.6856981,-40.57588138,1.52857806,7.632953319,-5.881306373,0.029118029,0.026244299,0.043580338,0.028982773,0.028875913,-20.71678543,1.439591527,2016,6731.441406,,,4.3E-5,1.161788,1.317761,1.416025,6263.9,6506.18,6844.54,3.989336,4.044596,4.077105,-0.456363,-0.09743,-0.039556,0.582659,0.597383,0.625809,0.671534,0.681672,-0.058405,-0.051126,0.102129,0.299996,0.490176,1.0,-7.728002,-0.218682,-0.347899,7.731096,-7.56E-4,0.089898,0.108695,0.062711,7.1E-8,0.045984,2.545061,0.491847,304.30733624751,-61.57394381186,4.747E-4,4.668E-4,106.68,6430985408544678656,304.30740751329,0.0291,-61.57396995102,0.0262,1.5286,0.0436,35.0749,9.636,7.633,0.029,-5.881,0.029,373,36.7567,5536.52,0.316,161.1,31,,,23,2.624,false,310395.0,76.8935,11.957581,182611.0,78.4609,12.184725,185198.0,11.578805,1.185,0.60592,,,0,,,,,485695402,,0.002768,0.002829,0.003804,11.957581,0.002768,310395.0,-0.001,0.474,0.4675,-0.0092,0.154155
Gaia DR3 6361864751800095232,1,13,303.485315,303.485315,-78.87850574,-78.87850574,2.26291,0.355439,281.1911299,-56.74722138,3.453103285,19.96046103,-21.95090323,0.010159016,0.011892497,0.013906831,0.012414842,0.015780462,,,2016,7298.835938,,,1.32E-4,1.582655,1.739318,1.780981,7493.42,7749.44,8014.08,4.192205,4.22407,4.243829,-0.125803,0.207544,0.308052,0.283553,0.286524,0.287466,0.289264,0.291254,0.130815,0.229539,0.351759,0.451027,0.485319,1.0,-8.024812,-0.175011,-0.146002,8.02672,-0.009666204,0.316485,0.378946,0.216999,1.79E-7,0.161947,2.518429,0.480394,303.48485509171,-78.87840817953,2.553E-4,1.966E-4,171.36,6361864751800095232,303.48531500334,0.0102,-78.87850573945,0.0119,3.4531,0.0139,248.3027,29.669,19.96,0.012,-21.951,0.016,387,0.0799,926.8,0.1,12.94,31,,,28,1.002,false,2118440.0,806.384,9.872325,1281790.0,1799.43,10.069002,1198150.0,9.551616,1.171,0.517386,,,0,,,,,484906601,,0.002786,0.003179,0.0043,9.872325,0.002786,2118440.0,-0.01,0.1982,0.2541,-0.0782,0.474707
Gaia DR3 2086473637560331264,1,14,298.5716,298.5716,47.96392795,47.96392795,2.504796,0.236783,322.6848472,66.2554911,1.376204114,2.040880573,-2.861816772,0.009405113,0.01218739,0.011623607,0.012699943,0.014033564,-14.68373203,10.18774414,2016,8003.980469,28.77322388,184.1126404,1.6E-5,1.40489,1.466991,1.58834,7651.51,8009.95,8204.1,4.252612,4.284083,4.322527,-0.502907,-0.242541,-0.091252,0.683478,0.691868,0.700085,0.712165,0.715349,0.100911,0.113788,0.245414,0.351617,0.468368,1.0,-8.104299,0.682316,0.124117,8.132971,-0.007993817,0.222903,0.265703,0.151783,1.21E-7,0.11392,2.506163,0.474245,298.57158641042,47.96394067346,2.285E-4,2.038E-4,3.5,2086473637560331264,298.57159995672,0.0094,47.96392795427,0.0122,1.3762,0.0116,118.3973,3.515,2.041,0.013,-2.862,0.014,349,-2.1793,761.93,0.09,11.73,31,,,27,0.917,false,311577.0,78.8892,11.953454,200980.0,195.542,12.080661,161130.0,11.729958,1.162,0.350703,,,0,,,165552985716247379,,,690308154,0.002769,0.002983,0.003867,11.953454,0.002769,311577.0,-0.008,0.2039,0.2284,0.0139,0.056313
Gaia DR3 2078414908830476416,1,15,298.0749436,298.0749436,42.02053076,42.02053076,1.765366,0.158848,316.2132045,61.03293338,0.542521884,-4.893932249,-3.986807512,0.009880055,0.010738548,0.011694982,0.01364026,0.013518166,,,2016,8147.9375,,,2.8E-5,1.687594,1.844021,2.071642,7900.58,8330.19,9237.68,4.105946,4.161064,4.238111,-0.321715,-0.003121,0.289903,1.609038,1.628265,1.675074,1.748306,1.787928,0.566836,0.707015,0.853188,1.112644,1.278899,1.0,-7.815629,1.615382,0.220622,7.980822,-0.005891085,0.765032,0.918127,0.525311,2.06E-7,0.392816,2.504796,0.473944,298.0749728938,42.02054848069,2.272E-4,2.094E-4,48.4,2078414908830476416,298.07494361574,0.0099,42.02053076155,0.0107,0.5425,0.0117,46.3893,6.312,-4.894,0.014,-3.987,0.014,370,-1.7996,323.76,0.0,0.0,31,,,29,0.933,false,65270.9,20.1055,13.650567,39082.8,24.6026,13.858579,37704.4,13.306915,1.176,0.551663,,,0,,,158422980749455302,,,661335870,0.002776,0.002873,0.003857,13.650567,0.002776,65270.9,-0.006,0.2196,0.2174,0.081,0.101033
Gaia DR3 2073649762877445504,1,16,297.1114288,297.1114288,39.86610306,39.86610306,0.41088,0.076156,313.2482409,59.30159922,2.116963089,0.986292874,-4.642474186,0.01087286,0.012598192,0.013815539,0.014655467,0.015051234,,,2016,8135.758,,,2.1E-5,2.003637,2.114107,2.506882,8068.97,8527.02,9135.25,3.692033,3.711343,3.834844,-0.512802,-0.237212,0.12754,0.457176,0.457467,0.465544,0.466556,0.472975,0.014233,0.260932,0.413577,0.564791,0.606283,1.0,-8.075509,0.444854,0.05778,8.087752,-7.62E-4,0.377883,0.449338,0.25607,5.78E-5,0.193268,2.465316,0.471911,297.11142310967,39.8661236914,2.475E-4,2.311E-4,31.31,2073649762877445504,297.11142882078,0.0109,39.86610305818,0.0126,2.117,0.0138,153.2306,4.746,0.986,0.015,-4.642,0.015,393,-3.5924,905.19,0.111,15.15,31,,,29,0.873,false,4202610.0,1189.11,9.128568,2807640.0,1525.17,9.21769,2088580.0,8.948265,1.165,0.269424,,,0,,,,,,650330514,0.002772,0.002852,0.003835,9.128568,0.002772,4202610.0,-0.001,0.2356,0.2432,0.0606,0.075919
Gaia DR3 2086580535008581632,1,17,296.6217233,296.6217233,47.63056152,47.63056152,1.574696,0.367021,319.3956066,66.56265962,1.073902014,2.240665842,-1.487166425,0.022837056,0.021916496,0.02438573,0.030914886,0.026747713,2.67516923,3.757947922,2016,,35.76724625,28.10219765,1.2E-5,1.860351,1.92793,1.984054,7455.9,7655.97,7917.72,3.954272,3.981266,3.989,0.080576,0.192383,0.387537,0.838042,0.856603,0.870783,0.906773,0.948667,0.035562,0.051314,0.12178,0.236375,0.340131,1.0,-8.067486,0.843863,0.169111,8.1115,0.005431414,0.110159,0.131532,0.075265,1.8E-7,0.056267,2.458177,0.457022,296.62170856739,47.63056812859,4.984E-4,4.321E-4,97.48,2086580535008581632,296.62172334465,0.0228,47.63056151896,0.0219,1.0739,0.0244,44.0381,2.689,2.241,0.031,-1.487,0.027,348,13.6536,3518.71,0.263,103.8,31,,,27,1.563,false,526241.0,251.36,11.384405,334328.0,404.92,11.52811,286569.0,11.104821,1.18,0.423288,,,0,,,,,,689303540,0.002804,0.003085,0.004017,11.384405,0.002804,526241.0,0.005,0.4974,0.4333,-0.037,0.042936
Gaia DR3 2134831743800134656,1,18,295.1362813,295.1362813,49.27320798,49.27320798,2.127192,0.271668,319.0518474,68.47350775,0.80146324,-8.786476446,-18.02929966,0.011075607,0.011533153,0.011958082,0.015437549,0.015035279,,,2016,7570.593,,,8.9E-5,1.534049,1.62618,1.724024,7425.95,7769.6,8263.46,4.120197,4.150302,4.177932,-0.323763,-0.126632,0.094199,1.143253,1.151314,1.196974,1.205944,1.237849,-0.003316,0.140965,0.283059,0.506976,0.574706,1.0,-8.039562,1.156002,0.265831,8.122248,-0.006428242,0.255367,0.305355,0.174762,9.89E-5,0.130593,2.406042,0.449932,295.13634119467,49.2732881121,2.551E-4,2.383E-4,121.69,2134831743800134656,295.13628134196,0.0111,49.27320798189,0.0115,0.8015,0.012,67.0227,20.056,-8.786,0.015,-18.029,0.015,381,2.9563,861.89,0.103,12.93,31,,,28,1.109,false,146472.0,29.8937,12.772984,92841.8,54.0007,12.919183,78053.0,12.516921,1.167,0.402262,,,0,,,167122951362338529,,,697295655,0.002764,0.002861,0.003811,12.772984,0.002764,146472.0,-0.006,0.2505,0.243,-0.0607,0.320951
Gaia DR3 6684888176981899264,1,19,295.0325472,295.0325472,-44.33592963,-44.33592963,2.109881,0.221064,289.1286566,-22.54495968,0.674961286,-0.797557024,-1.658694483,0.012678623,0.010786218,0.01574031,0.0160681,0.011614706,,,2016,8298.196,,,8.0E-6,1.457186,1.557575,1.806179,7726.21,7983.71,8467.9,4.129096,4.158038,4.244139,-0.530712,-0.309985,0.112814,1.304737,1.346709,1.409286,1.43477,1.461925,-0.034678,0.090982,0.212343,0.370217,0.495853,1.0,-6.949154,-0.118687,-0.638267,6.950168,-0.01306355,0.192962,0.229949,0.131355,9.35E-5,0.098594,2.403373,0.442668,295.03255219164,-44.3359222537,2.594E-4,1.84E-4,96.81,6684888176981899264,295.03254723579,0.0127,-44.33592962568,0.0108,0.675,0.0157,42.8811,1.84,-0.798,0.016,-1.659,0.012,303,1.8242,486.7,0.074,5.249,31,,,19,1.074,false,113713.0,78.0665,13.047838,73847.2,101.595,13.167707,57535.8,12.848049,1.155,0.319657,,,0,,,,,480528889,,0.002854,0.003165,0.004248,13.047838,0.002854,113713.0,-0.013,0.2585,0.1852,-0.0823,0.029502
Gaia DR3 6752277588245937280,1,20,294.8350105,294.8350105,-29.74298502,-29.74298502,1.888852,0.375458,291.6166236,-8.148453666,2.972287967,-14.03480896,-17.50209538,0.020841943,0.018218704,0.02608436,0.02530931,0.018664889,,,2016,7248.0176,,,1.0E-4,1.443808,1.699,1.721003,7105.64,7333.31,7592.77,3.890106,3.971,3.987849,-0.624817,-0.029847,0.07863,0.325909,0.328417,0.333666,0.33581,0.338624,0.177256,0.326377,0.390136,0.52165,0.566363,1.0,-7.896944,0.053424,-0.128981,7.897125,-0.003508687,0.347181,0.417824,0.240008,5.49E-5,0.177816,2.381899,0.437237,294.83508232463,-29.74290723757,4.113E-4,3.023E-4,96.03,6752277588245937280,294.83501048329,0.0208,-29.74298502474,0.0182,2.9723,0.0261,113.9491,22.434,-14.035,0.025,-17.502,0.019,156,-0.2121,350.21,0.105,9.304,31,,,13,0.986,false,2157300.0,1360.26,9.852592,1293520.0,2881.95,10.059109,1249750.0,9.505835,1.179,0.553274,15.58,0.22,2,6750.0,4.5,,,229677948,,0.002839,0.003693,0.00396,9.852592,0.002839,2157300.0,-0.004,0.4103,0.3037,-0.0652,0.358904
Gaia DR3 2128923414988409216,1,21,292.8602919,292.8602919,48.50097352,48.50097352,1.977875,0.491847,314.4658309,68.43974199,0.732127316,8.959228766,4.531109339,0.010526641,0.010749964,0.011627042,0.013670914,0.013843354,,,2016,7071.7886,,,4.5E-5,1.570233,1.578955,1.619147,6496.47,6634.85,7126.48,3.826144,3.877,3.917,-0.164925,-0.056212,-0.029422,1.243044,1.257173,1.326008,1.333541,1.341914,-0.131643,-0.08117,0.072509,0.256016,0.331887,1.0,-7.9921,1.270649,0.317056,8.092479,-0.005385399,0.064093,0.077341,0.044571,1.05E-4,0.03277,2.372011,0.428137,292.86023176241,48.50095338581,2.305E-4,2.141E-4,36.43,2128923414988409216,292.86029185645,0.0105,48.50097352408,0.0107,0.7321,0.0116,62.9676,10.04,8.959,0.014,4.531,0.014,364,2.9505,730.11,0.085,9.309,31,,,26,1.111,false,163331.0,28.2061,12.654698,98902.3,61.2085,12.850526,93066.8,12.325909,1.175,0.524617,-53.14,4.01,13,6500.0,3.5,,,,693289244,0.002762,0.00287,0.003803,12.654698,0.002762,163331.0,-0.005,0.22,0.2248,0.0702,0.160724
Gaia DR3 2129738565420917248,1,22,291.5731126,291.5731126,49.09770032,49.09770032,2.007756,0.437237,313.0184908,69.33598747,1.231625853,-4.81181865,-10.03809845,0.02011798,0.02037974,0.02182525,0.029727826,0.02765568,-30.42402,7.0966015,2016,7032.242,,,4.9E-5,1.461683,1.546854,1.740552,6797.44,6914.14,7231.54,3.847864,3.925,3.952,-0.535608,0.065615,0.277752,0.739772,0.755597,0.788786,0.808085,0.815638,-0.052703,0.084806,0.170757,0.291895,0.308507,1.0,-8.07937,0.752822,0.202215,8.114368,-0.002583146,0.151504,0.182527,0.105031,7.17E-5,0.077496,2.364781,0.406111,291.57314529194,49.09774493346,4.898E-4,4.345E-4,117.31,2129738565420917248,291.57311263036,0.0201,49.09770031973,0.0204,1.2316,0.0218,56.4312,11.132,-4.812,0.03,-10.038,0.028,371,18.1468,3362.89,0.253,108.9,31,,,26,1.74,false,414309.0,91.4445,11.644055,252464.0,199.046,11.833042,235415.0,11.318309,1.178,0.514733,-33.1,2.0,9,6750.0,4.0,,,,696284644,0.002766,0.002919,0.003802,11.644055,0.002766,414309.0,-0.003,0.4787,0.4467,-0.0976,0.178139
Gaia DR3 2127848504932891776,1,23,290.3701499,290.3701499,47.18139111,47.18139111,2.819553,0.568687,308.936351,67.88574191,1.36250064,-1.591976238,-7.338589865,0.009093092,0.009474128,0.010038172,0.013478635,0.013513733,-11.445915,38.492214,2016,6206.935,11.273881,83.678406,3.3E-5,1.084743,1.356474,1.453302,6454.9,6630.13,7104.17,3.981231,4.092213,4.143872,-0.553476,-0.330458,0.071748,0.706915,0.71178,0.717407,0.726041,0.73684,0.024448,0.034679,0.185161,0.434241,0.534831,1.0,-8.06466,0.680282,0.183226,8.093302,-0.006086946,0.163058,0.197134,0.113682,5.18E-5,0.083452,2.361751,0.39252,290.37016028977,47.18142373023,2.396E-4,1.915E-4,135.63,2127848504932891776,290.37014987979,0.0091,47.18139111428,0.0095,1.3625,0.01,135.732,7.509,-1.592,0.013,-7.339,0.014,358,0.4036,626.32,0.072,7.645,31,,,26,1.014,false,234623.0,43.9136,12.261438,134818.0,92.0985,12.514175,142674.0,11.862037,1.183,0.652139,,,0,,,164612903701288471,,,686284787,0.002763,0.002887,0.003801,12.261438,0.002763,234623.0,-0.006,0.2164,0.2174,-0.2201,0.120153
Gaia DR3 6713091577946724864,1,24,289.3887756,289.3887756,-42.7021759,-42.7021759,2.58697,0.199502,285.0745607,-20.27225117,2.430430026,-47.82953865,-20.86335939,0.016372195,0.016073432,0.018507386,0.019095417,0.018283695,51.077595,5.6906333,2016,7822.084,,,2.32E-4,1.262725,1.331,1.40041,7293.12,7471.34,7684.22,4.126597,4.148627,4.19,-0.643246,-0.531705,-0.42902,0.39821,0.401475,0.405953,0.406598,0.413369,0.075779,0.164518,0.273191,0.386866,0.587578,1.0,-7.826434,-0.031538,-0.15573,7.826497,0.054558396,0.244837,0.29365,0.168401,4.01E-5,0.125249,2.360844,0.3896,289.38906487766,-42.70208317227,3.445E-4,2.5E-4,47.65,6713091577946724864,289.38877561507,0.0164,-42.70217589887,0.0161,2.4304,0.0185,131.3222,52.182,-47.83,0.019,-20.863,0.018,210,-0.3147,636.59,0.116,16.38,31,,,17,0.983,false,841921.0,349.982,10.874188,577699.0,4558.11,10.934289,452213.0,10.609538,1.223,0.324751,52.14,5.96,3,6500.0,3.5,,,210718376,,0.002792,0.00901,0.009263,10.874188,0.002792,841921.0,0.055,0.3053,0.2967,0.309,0.834949
Gaia DR3 6763969142066777344,1,25,286.7907373,286.7907373,-26.331827,-26.331827,0.85875,0.294735,285.0382229,-3.764872436,2.541137118,-2.063395233,-4.425023672,0.016679777,0.014404496,0.018594755,0.019413132,0.015467653,,,2016,7323.540039,,,2.2E-5,1.927059,2.123822,2.173016,7268.61,7846.93,8109.61,3.725,3.764574,3.796,-0.316078,-0.014437,0.28842,0.379981,0.383551,0.386332,0.389402,0.395183,0.030092,0.124274,0.362701,0.451952,0.473371,1.0,-7.833046,0.06887,-0.099266,7.833349,-0.005873799,0.326944,0.391139,0.223846,2.07E-7,0.167293,2.298963,0.38068,286.79074749153,-26.33180733698,3.175E-4,2.431E-4,72.49,6763969142066777344,286.79073725918,0.0167,-26.33182700375,0.0144,2.5411,0.0186,136.6588,4.882,-2.063,0.019,-4.425,0.015,194,-0.9671,408.75,0.097,7.772,31,,,14,0.949,false,4233980.0,1175.09,9.120495,2625610.0,1891.61,9.290468,2332290.0,8.828441,1.171,0.462028,,,0,,,,,231155171,,0.002772,0.002898,0.003838,9.120495,0.002772,4233980.0,-0.006,0.3115,0.2507,0.1533,0.078052
Gaia DR3 2106134455951549824,1,26,286.6148257,286.6148257,44.84258033,44.84258033,1.75418,0.348534,300.5955168,66.52583545,2.060928803,4.145943955,-8.820672201,0.008903139,0.010339613,0.010196747,0.01146049,0.012660253,10.546614,1.0225128,2016,7460.5283,18.998981,7.231109,4.3E-5,1.848714,1.902673,2.03108,7639.85,7835.25,8217.48,4.071071,4.093473,4.124895,0.083535,0.294082,0.398977,0.474311,0.475247,0.478139,0.483786,0.484461,-0.020554,-0.010174,0.049833,0.230132,0.286391,1.0,-8.0847,0.444266,0.13398,8.096897,-0.012921929,0.045373,0.054009,0.030853,1.22E-4,0.023156,2.291585,0.375458,286.61479966489,44.84261953044,2.061E-4,1.845E-4,171.14,2106134455951549824,286.61482565249,0.0089,44.84258032746,0.0103,2.0609,0.0102,202.1163,9.746,4.146,0.011,-8.821,0.013,411,-4.1803,908.43,0.083,10.19,31,,,29,0.856,false,1570430.0,411.503,10.197324,1001040.0,637.34,10.337411,818220.0,9.96572,1.158,0.371691,,,0,,,,,,675277675,0.00277,0.002875,0.003801,10.197324,0.00277,1570430.0,-0.013,0.1851,0.2056,-0.0337,0.155986
Gaia DR3 6365446995043977472,1,27,286.5642912,286.5642912,-77.04561705,-77.04561705,1.886769,0.228953,276.2369305,-53.96521685,3.092455468,-8.119002333,-5.130837884,0.020380117,0.024093278,0.02868775,0.024622427,0.03055384,,,2016,,,,4.3E-5,1.5325,1.622443,1.860083,7373.48,7941.17,8155.98,4.020303,4.086258,4.145698,-0.334599,-0.0291,0.289305,0.311918,0.314191,0.316973,0.322617,0.326417,0.007865,0.130892,0.434583,0.532556,0.630379,1.0,-7.992164,-0.190441,-0.144942,7.994432,-0.002896428,0.391657,0.468653,0.268152,3.15E-5,0.200501,2.276101,0.37273,286.56445212624,-77.04559424555,4.937E-4,3.96E-4,0.1,6365446995043977472,286.56429116112,0.0204,-77.04561704932,0.0241,3.0925,0.0287,107.7971,9.604,-8.119,0.025,-5.131,0.031,396,23.7866,3927.56,0.28,115.0,31,,,29,1.961,false,2298970.0,447.248,9.783534,1446920.0,487.938,9.937428,1247290.0,9.507974,1.172,0.429454,,,0,,,,,484717735,,0.002763,0.002814,0.0038,9.783534,0.002763,2298970.0,-0.003,0.396,0.4937,8.0E-4,0.153645
Gaia DR3 2130705448456872576,1,28,286.3607795,286.3607795,47.26340627,47.26340627,1.090128,0.313916,302.0557477,68.88919607,1.377623924,-3.378400656,-3.273737453,0.017046718,0.018660165,0.019408481,0.025147012,0.025723126,,,2016,7453.516,,,2.1E-5,1.766401,1.795782,2.004,7099.05,7389.82,7444.84,3.65,3.690116,3.764348,-0.425001,-0.320261,0.082013,0.692664,0.693418,0.709862,0.721801,0.737094,-0.05883,0.029365,0.196989,0.226345,0.420592,1.0,-8.055983,0.662123,0.211557,8.083147,-0.003705978,0.176643,0.211783,0.121468,3.8E-5,0.090315,2.270417,0.367021,286.36080164118,47.26342081914,4.133E-4,4.019E-4,172.98,2130705448456872576,286.36077951551,0.017,47.2634062692,0.0187,1.3776,0.0194,70.9805,4.704,-3.378,0.025,-3.274,0.026,337,12.7211,2145.7,0.203,54.11,31,,,26,1.531,false,1163830.0,242.342,10.52264,738881.0,403.779,10.667106,622312.0,10.262875,1.17,0.404231,,,0,,,,,,687278622,0.002765,0.002853,0.003787,10.52264,0.002765,1163830.0,-0.004,0.4021,0.4132,-0.0068,0.075295
Gaia DR3 2105513060085129600,1,29,286.3334873,286.3334873,42.54392533,42.54392533,2.465316,0.501131,298.6192375,64.36896639,0.7164441,-1.566347211,-3.58747422,0.008407408,0.009605001,0.009896683,0.011070083,0.012210763,,,2016,7029.7256,,,1.7E-5,1.417641,1.495642,1.619927,6618.92,6801.7,7170.91,3.983155,4.015246,4.057561,-0.448241,0.067763,0.092586,1.282774,1.30151,1.320448,1.354381,1.371555,0.003597,0.021447,0.103219,0.315326,0.442661,1.0,-7.831564,1.217399,0.354649,7.92562,-0.006556034,0.091528,0.110289,0.063491,1.32E-4,0.046798,2.263384,0.3588,286.33349679868,42.54394127528,1.981E-4,1.766E-4,172.71,2105513060085129600,286.3334873498,0.0084,42.54392533095,0.0096,0.7164,0.0099,72.3924,3.915,-1.566,0.011,-3.587,0.012,361,0.1945,386.14,0.02,0.4026,31,,,26,1.006,false,102510.0,26.2593,13.160449,61438.1,44.4815,13.367449,59067.7,12.81952,1.176,0.547929,,,0,,,159052863334913382,,,663286667,0.002769,0.002899,0.00383,13.160449,0.002769,102510.0,-0.007,0.177,0.1977,-0.0289,0.062688
Gaia DR3 6731745273754361216,1,30,285.3638974,285.3651464,-34.50256776,-34.50688968,2.458177,0.894731,282.8862506,-11.74803711,8.170836425,3.983715776,19.35342126,0.114656806,0.10252094,0.11786184,0.13770573,0.109727725,,,2016,,,,0.004504,0.836446,0.864336,0.909207,5318.58,5363.88,5514.07,3.289953,3.329808,3.729089,-1.338084,-1.009018,-0.623228,3.907017,4.664612,6.887536,7.251809,11.382185,0.111478,0.117387,0.162684,0.298373,0.422619,0.999023,-1.614487,0.262985,-2.000004,1.635766,0.00398159,0.13871,0.170257,0.099131,15.99403445,0.071126,2.26291,0.356288,285.36387591369,-34.50265377115,0.0024484,0.0014809,121.81,6731745273754361216,285.36389739823,0.1147,-34.50256775595,0.1025,8.1708,0.1179,69.3256,19.759,3.984,0.138,19.353,0.11,121,17.2748,2887.54,0.651,178.3,95,1.6081,0.0223,11,2.33,false,7352910.0,22496.1,8.521218,7889060.0,31298.5,8.095979,7626110.0,7.542138,2.11,0.553841,,,0,,,,,227636385,,0.004316,0.005132,0.007496,8.521218,0.004316,7352910.0,0.928,2.2223,1.8026,-0.4251,0.316134
Gaia DR3 2116863318617538944,1,31,281.05116,281.05116,43.29775324,43.29775324,1.886874,0.143338,290.0350254,65.97015094,1.226434951,-1.917781099,0.326931995,0.016309643,0.016969388,0.017935144,0.02293715,0.020860039,-47.386585,0.83135366,2016,8455.94,,,9.0E-6,1.568313,1.596021,1.86559,7781.05,8212.81,8931.81,4.10399,4.137123,4.230007,-0.432676,-0.216283,-0.015661,0.753904,0.765508,0.791038,0.795621,0.810334,-0.025787,-0.019199,0.1714,0.378856,0.4371,1.0,-7.975001,0.711103,0.263533,8.006642,2.95E-4,0.156776,0.186262,0.106207,1.16E-4,0.080055,2.262717,0.355439,281.05117166696,43.29775178638,3.722E-4,3.305E-4,69.0,2116863318617538944,281.05115995567,0.0163,43.29775323942,0.017,1.2264,0.0179,68.3817,1.945,-1.918,0.023,0.327,0.021,407,8.0809,2892.2,0.212,73.4,31,,,27,1.297,false,458239.0,198.031,11.534637,311323.0,297.273,11.605514,221978.0,11.38212,1.164,0.223393,,,0,,,,,,667277274,0.002795,0.002977,0.003944,11.534637,0.002795,458239.0,0.0,0.3671,0.3361,0.0796,0.031013
Gaia DR3 4037543655114296576,1,32,273.1076292,273.1076292,-37.75263218,-37.75263218,2.158386,0.3588,272.5357046,-14.34070121,7.167229339,-2.767033631,-12.78521563,0.023901062,0.023036683,0.033736415,0.025309183,0.021881741,,,2016,,,,5.8E-5,1.642982,1.722688,1.860181,7450.09,7660.2,7969.92,4.13239,4.171484,4.211318,-0.028395,0.197267,0.389337,0.137032,0.137314,0.139748,0.14037,0.140774,-0.037835,-0.027465,0.042007,0.186167,0.275903,1.0,-8.062564,-0.011875,-0.022358,8.062572,-0.005472183,0.038103,0.045433,0.025984,2.4E-7,0.019449,2.211955,0.355245,273.10764475791,-37.75257535237,4.573E-4,3.105E-4,53.92,4037543655114296576,273.10762920395,0.0239,-37.75263217555,0.023,7.1672,0.0337,212.4479,13.081,-2.767,0.025,-12.785,0.022,367,-3.1598,803.27,0.127,9.144,31,,,16,0.884,true,1.27543E7,3276.68,7.923223,8162770.0,4254.7,8.058949,6712410.0,7.680699,1.166,0.378249,,,0,,,,,207745559,,0.002769,0.002847,0.003991,7.923223,0.002769,1.27543E7,-0.005,0.4123,0.3681,0.3534,0.209317
Gaia DR3 4604875029228187264,1,33,269.6842221,269.6842221,34.97606873,34.97606873,1.933132,0.154605,269.5060101,58.41480811,0.775888547,3.587520502,-1.562632002,0.009162278,0.011514677,0.012055951,0.012402067,0.014211703,,,2016,9834.819,,,1.7E-5,1.415614,1.472046,1.609955,7273.7,7812.68,8279.56,3.979122,4.034075,4.077,-0.715247,-0.582976,-0.229501,1.16836,1.191201,1.222077,1.25496,1.261824,0.099048,0.10499,0.362992,0.519873,0.609073,1.0,-7.66403,0.965989,0.522564,7.724667,-0.003666163,0.326946,0.391283,0.223982,5.66E-5,0.167301,2.19825,0.348534,269.68420265999,34.97607567722,2.351E-4,1.934E-4,19.96,4604875029228187264,269.68422211898,0.0092,34.97606873219,0.0115,0.7759,0.0121,64.3573,3.913,3.588,0.012,-1.563,0.014,434,0.1176,895.78,0.098,12.88,31,,,27,1.003,false,157296.0,124.575,12.69557,102899.0,227.749,12.807509,80337.2,12.485603,1.165,0.321906,,,0,,,,,,625229359,0.002886,0.003682,0.005677,12.69557,0.002886,157296.0,-0.004,0.1987,0.2306,0.1252,0.062561
Gaia DR3 4603959788878135040,1,34,269.360357,269.360357,32.42320596,32.42320596,1.347181,0.019164,269.03792,55.86035069,1.104446749,2.536720005,-5.120725083,0.016087811,0.018297922,0.02043073,0.022510603,0.023575168,2.1012282,3.4406037,2016,,15.987369,28.585253,2.5E-5,1.579357,1.681276,1.689678,7536.19,8158.21,8234.63,3.890846,3.916405,3.92,-0.522181,-0.519234,-0.433789,0.855718,0.861626,0.887518,0.892032,0.901634,0.219392,0.241409,0.532398,0.54414,0.549583,1.0,-7.775472,0.684556,0.372623,7.805548,-0.00499332,0.480613,0.574742,0.328572,8.42E-5,0.24617,2.185573,0.344969,269.36034367124,32.42322871895,3.874E-4,3.518E-4,23.13,4603959788878135040,269.36035702768,0.0161,32.42320596016,0.0183,1.1044,0.0204,54.0581,5.715,2.537,0.023,-5.121,0.024,406,3.8601,2860.78,0.212,66.54,95,1.6714,0.0049,26,1.139,false,444094.0,259.644,11.56868,296028.0,426.499,11.660209,219386.0,11.394875,1.161,0.265334,14.29,10.15,2,6500.0,3.5,,,,613237492,0.002827,0.003199,0.004266,11.56868,0.002827,444094.0,-0.005,0.3575,0.3821,0.0696,0.091397
Gaia DR3 5809725265425979776,1,35,268.0105716,268.0105716,-71.69022101,-71.69022101,2.155254,0.299011,269.0614307,-48.25742167,3.714195477,-0.59196191,-17.51267176,0.008632532,0.010868591,0.014021129,0.011106239,0.013714748,21.07386398,0.338059336,2016,7625.258789,17.56309891,5.238173008,7.8E-5,1.681885,1.752969,1.809652,7825.83,8040.9,8182.54,4.207343,4.240838,4.260154,-0.017479,0.094182,0.213727,0.26455,0.265353,0.267335,0.26833,0.269375,-0.036193,-0.023344,0.048861,0.129861,0.209459,1.0,-8.003732,-0.153688,-0.096574,8.005207,-0.007651329,0.0447,0.053093,0.030286,6.05E-8,0.022807,2.158386,0.336373,268.01057997623,-71.69014318072,2.202E-4,1.778E-4,7.01,5809725265425979776,268.01057160159,0.0086,-71.69022101482,0.0109,3.7142,0.014,264.8999,17.523,-0.592,0.011,-17.513,0.014,501,-1.1288,1280.29,0.108,18.7,31,,,30,0.964,false,3474200.0,881.204,9.335229,2265030.0,2589.82,9.450855,1768250.0,9.129037,1.161,0.321818,,,0,,,,,405007457,,0.002769,0.003054,0.004055,9.335229,0.002769,3474200.0,-0.008,0.1785,0.2197,0.0521,0.280346
Gaia DR3 5945283676068152704,1,36,267.1231015,267.1231015,-51.91737304,-51.91737304,2.107569,0.406111,267.9813256,-28.49824965,2.477782519,-5.111274271,-0.247010307,0.01407963,0.012473693,0.018427914,0.016948676,0.013723423,,,2016,7664.748047,,,2.3E-5,1.546924,1.636886,1.851522,7176.67,7271.96,7746.01,4.013805,4.061848,4.120928,-0.134495,0.073299,0.370237,0.389392,0.392095,0.399078,0.402099,0.405078,-0.016663,0.106252,0.178329,0.414456,0.516883,1.0,-7.832612,-0.131392,-0.08382,7.833715,-0.005637169,0.15956,0.191489,0.109908,1.58E-7,0.081581,2.155254,0.335075,267.12313834277,-51.91737193874,2.776E-4,2.239E-4,102.94,5945283676068152704,267.12310151255,0.0141,-51.91737303657,0.0125,2.4778,0.0184,134.4581,5.117,-5.111,0.017,-0.247,0.014,377,-1.5475,952.75,0.109,15.68,31,,,20,0.943,false,1465480.0,863.035,10.272417,900121.0,1227.91,10.452789,818690.0,9.965097,1.173,0.487692,,,0,,,,,364839645,,0.002829,0.003159,0.004134,10.272417,0.002829,1465480.0,-0.006,0.2751,0.2269,-0.094,0.081904
Gaia DR3 5916002581902520064,1,37,257.6186412,257.6186412,-58.00499263,-58.00499263,2.771185,0.480394,262.0370161,-34.90747551,6.731937641,-21.08869162,-34.79746697,0.014729735,0.011763943,0.019054824,0.015406823,0.013607152,-5.6022186,0.43766195,2016,6787.761,55.971577,3.6572511,1.81E-4,1.315337,1.445721,1.587052,7032.2,7067.9,7444.02,4.157661,4.195753,4.260975,-0.332126,-0.018675,0.197551,0.147057,0.147631,0.148343,0.148724,0.148841,0.052082,0.06222,0.094184,0.303722,0.362405,1.0,-8.07115,-0.068154,-0.027538,8.071438,-0.004362702,0.084088,0.101004,0.05803,2.65E-5,0.042974,2.154593,0.325845,257.61881810734,-58.00483797103,2.522E-4,2.216E-4,79.12,5916002581902520064,257.61864121218,0.0147,-58.00499262651,0.0118,6.7319,0.0191,353.2931,40.689,-21.089,0.015,-34.797,0.014,561,2.311,1576.66,0.127,20.95,31,,,23,1.069,false,6170280.0,1227.08,8.711604,3741410.0,2222.25,8.905954,3516600.0,8.382587,1.176,0.523368,-3.1,1.19,10,6500.0,3.5,,,369376957,,0.002764,0.002864,0.003808,8.711604,0.002764,6170280.0,-0.004,0.2511,0.2228,0.0479,0.651047
Gaia DR3 5929795130680852608,1,38,253.2441663,253.2441663,-54.16279076,-54.16279076,1.892362,0.505329,258.5963372,-31.38484258,4.45736226,-6.357472811,-19.8299653,0.012681678,0.009172644,0.01587857,0.016770856,0.013110064,1.6148572,0.50207365,2016,,18.518478,8.2033,9.3E-5,1.470071,1.594433,1.845388,6660.4,6884.95,7360.76,3.806,3.842,3.897093,-0.438414,-0.429621,0.384174,0.220618,0.221608,0.222042,0.223935,0.224803,0.044562,0.185013,0.278184,0.546996,0.606656,1.0,-8.002123,-0.097606,-0.024904,8.002719,-0.001083732,0.245787,0.296735,0.170888,8.22E-5,0.125847,2.127192,0.324641,253.24421452086,-54.16270262697,2.893E-4,1.851E-4,62.87,5929795130680852608,253.24416626101,0.0127,-54.16279076018,0.0092,4.4574,0.0159,280.7156,20.824,-6.357,0.017,-19.83,0.013,403,-5.5351,593.27,0.065,4.319,31,,,20,0.81,false,5331120.0,867.196,8.87032,3103140.0,928.139,9.109037,3221170.0,8.477861,1.186,0.631176,3.67,0.39,3,6750.0,2.0,,,365644691,,0.002761,0.002809,0.003789,8.87032,0.002761,5331120.0,-0.001,0.271,0.2111,0.3507,0.333161
Gaia DR3 5937968144203126016,1,39,251.0477054,251.0477054,-48.65510786,-48.65510786,2.403373,0.471911,256.1752702,-26.1213649,3.649485482,-0.361806812,-17.09597511,0.016321622,0.010775466,0.018871352,0.021018155,0.014440571,,,2016,7077.136,,,7.6E-5,1.323401,1.590647,1.612847,6829.77,6970.67,7203.1,3.999899,4.08001,4.09276,-0.437429,0.168771,0.274311,0.268372,0.269548,0.271685,0.272945,0.276076,0.111772,0.129417,0.23987,0.293393,0.441493,1.0,-7.949855,-0.105654,-0.008808,7.950557,-0.002871752,0.212642,0.256311,0.147485,5.65E-5,0.108826,2.115408,0.321784,251.04770785736,-48.65503188161,3.403E-4,2.267E-4,79.35,5937968144203126016,251.04770542313,0.0163,-48.65510786372,0.0108,3.6495,0.0189,193.3876,17.1,-0.362,0.021,-17.096,0.014,347,-0.3571,766.18,0.098,10.37,31,,,18,0.985,false,2293030.0,478.776,9.786344,1360500.0,390.267,10.004296,1348140.0,9.423559,1.181,0.580737,,,0,,,,,345200896,,0.002765,0.002807,0.00379,9.786344,0.002765,2293030.0,-0.003,0.3371,0.2315,0.15,0.273585
Gaia DR3 4339177971358491264,1,40,250.0124267,250.0124267,-7.624859392,-7.624859392,2.270417,0.355245,249.5254851,14.40503036,1.379605386,-9.115204069,-5.537401507,0.011186037,0.006186667,0.013834501,0.016930167,0.011488989,-14.609753,4.2369533,2016,,5.4523463,11.9947195,4.7E-5,1.391539,1.619043,1.835378,6920.69,7384.66,8582.67,4.061858,4.117876,4.231386,-0.43414,-0.030635,0.088881,0.692658,0.702169,0.705629,0.718362,0.727008,0.47611,0.502557,0.808772,1.290569,1.521028,1.0,-7.567502,0.104309,0.294923,7.568221,-0.004684806,0.710893,0.860947,0.495547,1.69E-4,0.3654,2.110322,0.320996,250.01246762079,-7.62483478118,2.733E-4,1.809E-4,81.34,4339177971358491264,250.01242674737,0.0112,-7.62485939186,0.0062,1.3796,0.0138,99.7221,10.665,-9.115,0.017,-5.537,0.011,470,0.3641,818.3,0.064,6.739,31,,,21,1.011,false,242812.0,63.9106,12.224193,135716.0,107.764,12.506967,152978.0,11.786322,1.189,0.720645,,,0,,,98852500124460598,1237668649320513593,193443730,412151208,0.00277,0.00292,0.00394,12.224193,0.00277,242812.0,-0.005,0.2715,0.1835,0.1253,0.17079
Gaia DR3 4325705109925554432,1,41,247.4144533,247.4144533,-14.58506265,-14.58506265,1.465229,0.205681,248.0006921,7.145956352,4.420400247,-6.058660329,-1.367710612,0.015432424,0.008329264,0.018469911,0.020198893,0.013732221,,,2016,6972.600098,,,2.8E-5,1.714042,2.003938,2.597509,7568.29,8474.31,11373.79,3.991491,4.092391,4.303458,-0.21018,-0.012017,0.12092,0.221327,0.222726,0.224105,0.225648,0.227155,0.479223,0.616366,0.920274,1.442145,1.528017,1.0,-7.993219,0.005765,0.086206,7.993221,-0.002421141,0.825958,0.990925,0.566673,1.42E-7,0.424252,2.109881,0.318728,247.41448111635,-14.58505656738,3.252E-4,2.154E-4,95.34,4325705109925554432,247.41445329234,0.0154,-14.5850626461,0.0083,4.4204,0.0185,239.3298,6.211,-6.059,0.02,-1.368,0.014,429,-0.8333,866.55,0.083,10.26,31,,,17,0.971,false,4545380.0,663.575,9.043443,2644140.0,1058.6,9.28283,2741570.0,8.652897,1.185,0.629933,,,0,,,,,174397051,378010249,0.00276,0.002824,0.003799,9.043443,0.00276,4545380.0,-0.002,0.3244,0.2166,-0.0782,0.099355
Gaia DR3 6052146929146448000,1,42,246.350426,246.350426,-21.68863328,-21.68863328,3.278831,0.67326,248.1151091,-0.028192069,7.330633352,-5.533566041,-22.97094713,0.016423417,0.009908259,0.018936371,0.023277003,0.017056353,,,2016,,,,1.05E-4,0.863077,0.875,1.037724,5908.8,5967.6,6145.7,3.865,3.870432,3.944,-0.992711,-0.863583,-0.472666,0.134513,0.134749,0.135376,0.13567,0.136967,-0.061803,0.077864,0.11929,0.213557,0.438969,1.0,-8.072381,-0.011048,0.043794,8.072389,0.010532618,0.103504,0.125994,0.072997,1.85E-7,0.052997,2.107569,0.313916,246.35045246521,-21.68853118796,3.781E-4,2.61E-4,103.45,6052146929146448000,246.35042599787,0.0164,-21.68863328106,0.0099,7.3306,0.0189,387.1192,23.628,-5.534,0.023,-22.971,0.017,342,-0.5023,685.13,0.08,8.51,31,,,18,0.98,true,4559660.0,1650.37,9.040036,2574980.0,2606.36,9.311607,2917550.0,8.58535,1.205,0.726257,,,0,,,,,171193588,,0.002783,0.002999,0.003869,9.040036,0.002783,4559660.0,0.011,0.3727,0.2687,-0.169,0.378043
Gaia DR3 6039918435708377472,1,43,240.4342035,240.4342035,-30.9158086,-30.9158086,1.624705,0.335075,244.537579,-10.05281145,3.145772366,-9.89893311,-5.511183206,0.094462544,0.06209838,0.11749113,0.13590805,0.08992695,,,2016,6794.151,,,5.0E-5,1.832674,1.928123,2.809811,7565.23,7976.05,12099.76,4.052351,4.09422,4.349358,-0.333194,0.004802,0.300644,0.276871,0.285237,0.297124,0.335755,0.358734,0.247975,0.257991,0.459732,1.189471,1.289789,1.0,-7.925581,-0.077553,0.083442,7.925961,-0.009382486,0.414307,0.495782,0.283651,1.09E-4,0.212131,2.095588,0.311457,240.43425474597,-30.9157841077,0.0021809,0.0014006,94.65,6039918435708377472,240.43420346487,0.0945,-30.91580860186,0.0621,3.1458,0.1175,26.7746,11.33,-9.899,0.136,-5.511,0.09,408,105.7644,37949.39,0.875,1076.0,31,,,20,6.5,false,3261880.0,927.895,9.403698,1950820.0,945.091,9.612998,1874310.0,9.065792,1.173,0.547206,,,0,,,,,119767081,,0.002773,0.002839,0.003896,9.403698,0.002773,3261880.0,-0.009,2.1767,1.4071,-0.0737,0.181177
Gaia DR3 6308692850516918656,1,45,227.2598116,227.2598116,-13.99957015,-13.99957015,2.506163,0.3896,228.7179787,3.526673439,10.86358887,-45.8582542,13.92794688,0.025494775,0.020306077,0.030130394,0.031596243,0.024251223,,,2016,7073.458008,,,2.13E-4,1.429887,1.441162,1.598523,7117.66,7303.81,7857.62,4.12582,4.136563,4.207499,-0.320987,-0.227029,0.073443,0.090855,0.091322,0.091362,0.09219,0.092568,-0.009734,0.07304,0.121978,0.416559,0.583897,1.0,-8.129138,-0.017275,0.05502,8.129156,1.97E-4,0.109424,0.131154,0.075236,2.01E-7,0.055918,2.077215,0.306345,227.26002161138,-13.99963204826,5.113E-4,3.833E-4,98.51,6308692850516918656,227.25981155775,0.0255,-13.99957014637,0.0203,10.8636,0.0301,360.5525,47.927,-45.858,0.032,13.928,0.024,177,-0.6979,458.81,0.154,14.0,31,,,15,0.961,false,2.02854E7,5893.89,7.419408,1.27239E7,12726.3,7.576994,1.11319E7,7.131476,1.176,0.445518,,,0,,,,,166657837,,0.002773,0.002994,0.003921,7.419408,0.002773,2.02854E7,0.0,0.5088,0.3865,-0.0852,0.766682
Gaia DR3 5881666139496387328,1,46,225.015989,225.015989,-55.05010292,-55.05010292,2.276101,0.284361,239.8714285,-36.21688773,5.764200395,-31.22828443,-20.19143471,0.011790902,0.012783083,0.017432557,0.01552779,0.017622903,,,2016,,,,1.65E-4,1.426019,1.644001,1.742202,7675.09,7914.65,8316.23,4.178012,4.232558,4.265945,-0.527559,-0.01452,0.189588,0.171179,0.171819,0.172535,0.173388,0.174015,0.114704,0.185606,0.289546,0.478424,0.571004,1.0,-8.066681,-0.109063,0.009986,8.067418,-0.004177451,0.262036,0.312886,0.178901,1.6E-5,0.133985,2.048261,0.304959,225.01623127553,-55.0500131839,3.019E-4,2.229E-4,145.92,5881666139496387328,225.01598899628,0.0118,-55.05010292386,0.0128,5.7642,0.0174,330.6572,37.187,-31.228,0.016,-20.191,0.018,429,-0.7549,1089.82,0.122,17.92,31,,,21,0.973,false,6108520.0,1652.75,8.722528,3856310.0,2371.28,8.873112,3290430.0,8.454765,1.17,0.418346,,,0,,,,,373203314,,0.002771,0.002869,0.003842,8.722528,0.002771,6108520.0,-0.004,0.2504,0.2795,-0.2747,0.594984
Gaia DR3 1286927649634994432,1,47,217.706715,217.706715,31.79854506,31.79854506,2.518429,0.344969,201.6809105,43.6479204,1.634589528,-25.1068324,-18.07720894,0.014864631,0.015823113,0.022149224,0.02311999,0.021770185,-32.37184143,2.289281845,2016,,23.73253632,46.5931778,1.38E-4,1.395799,1.440754,1.639901,7230.07,7454.71,7906.8,4.153151,4.178359,4.258978,-0.35361,-0.219466,0.185628,0.574499,0.587802,0.592846,0.603701,0.610586,-0.073813,-0.068168,0.041355,0.26066,0.491532,1.0,-8.060101,0.173467,0.549366,8.061967,-0.003741264,0.037331,0.044611,0.025551,7.93E-8,0.01906,2.035903,0.302377,217.706846288,31.79862540678,4.244E-4,2.777E-4,49.27,1286927649634994432,217.70671499583,0.0149,31.7985450637,0.0158,1.6346,0.0221,73.799,30.938,-25.107,0.023,-18.077,0.022,494,11.1855,3978.17,0.202,72.27,31,,,22,1.377,false,509049.0,203.526,11.420468,327969.0,190.13,11.548961,266186.0,11.184932,1.167,0.364029,,,0,,,,1237664852034584634,,609197460,0.002789,0.00286,0.0038,11.420468,0.002789,509049.0,-0.004,0.3691,0.3478,0.3966,0.495
Gaia DR3 6176259561169255424,1,49,205.3326625,205.3326625,-28.78333833,-28.78333833,2.291585,0.449932,214.0630627,-17.01349317,3.11175808,10.08240566,-14.04349067,0.017695826,0.019268135,0.022830565,0.024791507,0.029358406,37.680492,1.387577,2016,7057.989,,,7.7E-5,1.436751,1.555825,1.694271,6751.93,7014.53,7407.24,3.973614,4.027308,4.095474,-0.326603,-0.021941,0.284945,0.313542,0.315908,0.317543,0.323354,0.328995,-0.056623,0.029797,0.16231,0.353039,0.559377,1.0,-8.008209,-0.185532,0.172128,8.010358,-0.002326608,0.144403,0.173751,0.099903,4.31E-5,0.073848,1.977875,0.299011,205.33261138508,-28.78327591008,5.485E-4,2.691E-4,142.33,6176259561169255424,205.33266251273,0.0177,-28.7833383256,0.0193,3.1118,0.0228,136.2979,17.288,10.082,0.025,-14.043,0.029,167,3.6569,584.65,0.104,17.88,31,,,12,1.208,false,1981280.0,529.648,9.945002,1203250.0,688.416,10.137651,1131380.0,9.613872,1.178,0.52378,,,0,,,,,99276912,,0.002771,0.002858,0.003798,9.945002,0.002771,1981280.0,-0.002,0.3971,0.4643,-0.5994,0.276597
Gaia DR3 3507882897984968320,1,50,200.4427004,200.4427004,-18.74216549,-18.74216549,1.082977,0.271711,205.9209125,-9.394502458,7.195896106,-53.09587192,-14.51674543,0.05858523,0.04564605,0.08468949,0.07701034,0.05671055,,,2016,7592.402,,,2.45E-4,1.740554,1.8228,2.135,7366.97,7675.11,8247.93,3.727466,3.77816,3.818763,-0.516833,-0.322099,0.22541,0.133713,0.135831,0.136792,0.138959,0.146185,0.087052,0.127838,0.243544,0.491327,0.50786,1.0,-8.132556,-0.072681,0.094238,8.13288,0.001684904,0.219523,0.262586,0.150346,1.45E-5,0.11224,1.969553,0.294735,200.44294959744,-18.74210096748,0.0013443,7.669E-4,119.14,3507882897984968320,200.44270040206,0.0586,-18.74216548652,0.0456,7.1959,0.0847,84.968,55.045,-53.096,0.077,-14.517,0.057,270,24.0763,4749.47,0.441,164.9,31,,,16,2.209,true,3.03268E7,6654.08,6.982799,1.94874E7,7816.19,7.114156,1.61093E7,6.730205,1.174,0.383951,,,0,,,,,105440991,,0.002766,0.002824,0.00383,6.982799,0.002766,3.03268E7,0.002,1.2321,0.9365,-0.4492,0.880724
Gaia DR3 3468304804416637568,1,52,185.5551313,185.5551313,-33.32211958,-33.32211958,2.866597,0.577909,199.3910149,-28.1537324,6.435440321,-44.71069458,-6.222099306,0.04193739,0.025779251,0.048991818,0.058252715,0.044215437,,,2016,,,,2.01E-4,1.128,1.228,1.301463,6301.01,6406.53,6749.94,3.93,3.97,4.002,-0.73886,-0.248721,-0.148166,0.15086,0.151405,0.154379,0.157256,0.157676,0.006106,0.01037,0.074109,0.260194,0.298759,1.0,-8.141014,-0.121235,0.075204,8.141916,0.12056029,0.065129,0.078803,0.045492,9.93E-5,0.033311,1.937967,0.271711,185.55536914454,-33.32209192296,9.409E-4,7.159E-4,83.96,3468304804416637568,185.55513133283,0.0419,-33.322119577,0.0258,6.4354,0.049,131.3575,45.142,-44.711,0.058,-6.222,0.044,384,28.6909,4385.66,0.36,125.3,31,,,16,2.205,true,5309830.0,2122.17,8.874665,3436140.0,2699.86,8.998366,3501870.0,8.387146,1.307,0.61122,10.86,6.87,12,6500.0,4.5,,,97164672,,0.002789,0.002918,0.00383,8.874665,0.002789,5309830.0,0.121,0.9387,0.7188,0.0578,0.722365
Gaia DR3 3577502977823182464,1,53,183.8674488,183.8674488,-11.41149973,-11.41149973,2.035903,0.063475,188.1098519,-8.930043652,2.120033681,15.55340247,-3.740542402,0.025667945,0.023357831,0.0330026,0.032943569,0.031251073,3.199278116,0.913440943,2016,9195.131836,27.82056046,7.498235703,7.1E-5,1.533184,1.690513,1.831966,8429.01,8868.07,9307.33,4.246067,4.313238,4.342434,-0.603474,-0.30386,-0.090915,0.448268,0.456295,0.463571,0.479559,0.488821,-0.021023,0.026869,0.169397,0.282067,0.337761,1.0,-8.103973,-0.278895,0.357624,8.108771,-0.005388975,0.1572,0.18555,0.10534,1.07E-7,0.08021,1.933132,0.271668,183.86737829329,-11.41148310499,6.234E-4,3.934E-4,131.59,3577502977823182464,183.8674488136,0.0257,-11.41149972963,0.0234,2.12,0.033,64.2384,15.997,15.553,0.033,-3.741,0.031,215,5.3531,1225.09,0.17,34.04,31,,,13,1.271,false,1162710.0,466.732,10.523685,807399.0,529.761,10.570822,534938.0,10.427137,1.154,0.143684,,,0,,,,,106008717,393059809,0.00279,0.00288,0.003809,10.523685,0.00279,1162710.0,-0.005,0.5344,0.5078,-0.4278,0.255904
Gaia DR3 5372587514128271232,1,54,174.4040348,174.4040348,-46.70953633,-46.70953633,2.545061,0.626589,198.4888533,-43.98103383,9.14957208,-46.67342483,34.19284383,0.01226177,0.013829752,0.021304036,0.01518116,0.01790401,,,2016,6131.1523,,,2.57E-4,1.5,1.542876,1.573,6546.36,6653.39,6938.35,4.029,4.051061,4.068555,0.06835,0.172405,0.284668,0.108092,0.108569,0.10916,0.109465,0.109564,0.050431,0.141425,0.226521,0.364635,0.407198,1.0,-8.163843,-0.099407,0.026959,8.164449,-0.007383108,0.199331,0.241086,0.139036,3.83E-5,0.10205,1.908496,0.266677,174.40433733673,-46.70968829912,2.994E-4,2.234E-4,30.68,5372587514128271232,174.4040348154,0.0123,-46.70953633133,0.0138,9.1496,0.0213,429.476,57.858,-46.673,0.015,34.193,0.018,490,-2.3621,920.62,0.106,8.735,31,,,25,0.924,true,1.26202E7,3127.19,7.934702,7013830.0,3102.35,8.223654,7964390.0,7.495014,1.187,0.72864,,,0,,,,,409548831,,0.002768,0.002831,0.003794,7.934702,0.002768,1.26202E7,-0.007,0.2455,0.2816,0.2521,0.925763
Gaia DR3 3971288252651931648,1,55,167.7245517,167.7245517,17.06312296,17.06312296,2.406042,0.473944,162.0176007,10.85726757,4.377298227,-21.83714546,-17.98350433,0.016826477,0.013856009,0.017427547,0.020204475,0.015195221,,,2016,6549.417,,,1.26E-4,1.42791,1.46,1.547143,6824.32,6851.73,7020.48,3.99793,4.005,4.035,-0.133014,-0.133014,-0.025413,0.224924,0.227122,0.227197,0.228747,0.228914,0.086856,0.17595,0.201632,0.280452,0.29731,1.0,-8.260942,-0.075609,0.205397,8.261289,4.4E-4,0.178446,0.215247,0.123937,9.3E-5,0.09131,1.892362,0.263379,167.72465319622,17.0632028906,3.247E-4,2.447E-4,91.77,3971288252651931648,167.72455167333,0.0168,17.0631229639,0.0139,4.3773,0.0174,251.1712,28.289,-21.837,0.02,-17.984,0.015,149,-0.3108,309.89,0.087,7.689,31,,,13,0.979,false,3375550.0,847.882,9.366505,2021020.0,975.903,9.574618,1974300.0,9.009364,1.184,0.565254,6.19,0.5,2,6750.0,4.5,,1237668585969287182,,536168057,0.002769,0.002839,0.003822,9.366505,0.002769,3375550.0,0.0,0.3247,0.2448,-0.0177,0.452562
Gaia DR3 3536192161305491200,1,56,166.391823,166.391823,-25.01922181,-25.01922181,1.545419,0.321784,178.2192749,-28.21821949,2.862788949,-5.218652553,3.245255064,0.016143575,0.017169049,0.021852974,0.020747134,0.023016108,,,2016,7564.768,,,2.7E-5,1.826156,1.987052,2.044684,7693.71,7997.86,8116.76,4.005345,4.038072,4.056087,-0.010969,0.282425,0.29942,0.336047,0.337717,0.345006,0.351739,0.354698,0.1218,0.21686,0.291017,0.379109,0.50361,1.0,-8.176976,-0.291851,0.182543,8.182182,-0.007534981,0.263853,0.314792,0.17989,1.34E-4,0.134902,1.888852,0.252309,166.39184855482,-25.01923623208,4.026E-4,2.761E-4,142.99,3536192161305491200,166.39182295906,0.0161,-25.01922180872,0.0172,2.8628,0.0219,131.0023,6.145,-5.219,0.021,3.245,0.023,354,6.6708,1366.33,0.137,28.67,31,,,17,1.262,false,2989400.0,3646.64,9.498405,1854940.0,11173.7,9.667718,1639630.0,9.211032,1.169,0.456686,,,0,,,77971663916867484,,91274561,,0.003057,0.00711,0.004422,9.498405,0.003057,2989400.0,-0.008,0.3277,0.3619,-0.348,0.098211
Gaia DR3 5391215302686287744,1,57,160.0357211,160.0357211,-43.08072715,-43.08072715,1.700979,0.311457,183.5750321,-46.54076949,3.728879819,-12.4300635,-6.429930878,0.009341149,0.011337575,0.015196356,0.011995488,0.014274353,,,2016,7589.4224,,,6.2E-5,1.753748,1.921392,2.04476,7845.67,7954.64,8394.39,4.061544,4.089548,4.139532,-0.13582,0.282833,0.384281,0.261794,0.263162,0.266627,0.26746,0.26838,0.047338,0.060267,0.08363,0.245609,0.313565,1.0,-8.159919,-0.256054,0.062606,8.163936,-0.008236051,0.07627,0.090724,0.051794,4.66E-5,0.03893,1.886874,0.245826,160.03579675434,-43.08069857534,2.516E-4,1.658E-4,32.47,5391215302686287744,160.03572111729,0.0093,-43.08072715284,0.0113,3.7289,0.0152,245.3799,13.995,-12.43,0.012,-6.43,0.014,586,0.4974,1710.95,0.117,22.86,31,,,26,1.014,false,5155140.0,1341.7,8.906766,3324950.0,2499.89,9.034079,2664900.0,8.683692,1.162,0.350387,,,0,,,,,82657070,,0.00277,0.002907,0.003806,8.906766,0.00277,5155140.0,-0.008,0.1944,0.2302,0.3625,0.22395
Gaia DR3 5406768753667504512,1,58,152.8076488,152.8076488,-49.67628319,-49.67628319,1.688862,0.216629,183.1774983,-54.79721886,2.573586456,0.056056241,6.138815384,0.011038463,0.012061286,0.014621306,0.014870072,0.01427354,,,2016,,,,2.7E-5,1.7484,1.764744,1.968765,7962.8,8061.85,8423.94,4.055479,4.066017,4.132468,-0.134392,-0.028963,0.197851,0.37967,0.380946,0.386208,0.387592,0.390056,0.01607,0.075049,0.121719,0.252803,0.425893,1.0,-8.145091,-0.380587,0.035995,8.153977,-0.004714251,0.111138,0.132136,0.075398,1.56E-7,0.056738,1.886769,0.243186,152.80764840427,-49.67631047516,2.533E-4,2.178E-4,53.33,5406768753667504512,152.80764878928,0.011,-49.67628319154,0.0121,2.5736,0.0146,176.0162,6.139,0.056,0.015,6.139,0.014,461,-0.2691,1360.52,0.12,20.19,31,,,27,0.99,false,2406040.0,617.225,9.734108,1599740.0,759.664,9.828419,1194370.0,9.555052,1.161,0.273367,,,0,,,,,415220011,,0.002769,0.002837,0.003849,9.734108,0.002769,2406040.0,-0.005,0.2413,0.2311,0.1437,0.098231
Gaia DR3 5257642094689491072,1,59,148.7224866,148.7224866,-58.69586468,-58.69586468,2.211955,0.263379,191.7506528,-63.02692116,4.14659157,-12.84315919,16.14079174,0.011419212,0.011110411,0.013382552,0.015382663,0.014108096,,,2016,7551.851074,,,9.2E-5,1.588568,1.661687,1.778116,7549.34,7819.69,8376.06,4.161439,4.199511,4.237183,-0.314262,-0.014802,0.193184,0.237118,0.237932,0.238962,0.240782,0.241738,0.13792,0.165597,0.262166,0.482418,0.538747,1.0,-8.151693,-0.233622,-0.013796,8.155041,-0.001958847,0.236954,0.283091,0.161943,1.54E-7,0.121148,1.87922,0.242701,148.72259644081,-58.69593641465,2.576E-4,2.132E-4,57.89,5257642094689491072,148.72248658142,0.0114,-58.69586467784,0.0111,4.1466,0.0134,309.8506,20.627,-12.843,0.015,16.141,0.014,334,-3.2026,668.23,0.087,8.421,31,,,23,0.877,false,3457190.0,835.418,9.340558,2214160.0,1098.8,9.475522,1831300.0,9.090995,1.17,0.384527,,,0,,,,,431268075,,0.002768,0.002842,0.003857,9.340558,0.002768,3457190.0,-0.002,0.2459,0.2266,0.1688,0.330004
Gaia DR3 5202593430105432320,1,60,147.2866692,147.2866692,-78.28189785,-78.28189785,-0.90786,-0.146381,239.3858081,-70.39375701,2.160059504,-14.68772009,8.477067133,0.023722552,0.02406245,0.025826283,0.030244192,0.028121036,,,2016,,,,7.5E-5,3.489557,3.784779,4.183197,12050.18,12465.21,14386.18,3.757645,3.795464,3.888596,-0.310622,-0.184857,0.224906,0.437002,0.445953,0.449998,0.462728,0.470311,0.280349,0.359221,0.375279,0.500863,0.586989,1.0,-8.025734,-0.389101,-0.143978,8.03516,0.011156201,0.370202,0.425552,0.236942,2.76E-5,0.18861,1.869082,0.236783,147.28699058046,-78.28193552617,4.876E-4,4.495E-4,76.33,5202593430105432320,147.28666916226,0.0237,-78.28189785049,0.0241,2.1601,0.0258,83.638,16.958,-14.688,0.03,8.477,0.028,333,0.7536,1788.55,0.259,47.11,31,,,27,1.029,true,1.52612E7,5305.38,7.728392,1.11073E7,12374.8,7.724519,6702590.0,7.68229,1.167,0.042229,,,0,,,,,460679556,,0.002781,0.003041,0.003889,7.728392,0.002781,1.52612E7,0.011,0.4855,0.4517,0.0373,0.271313
Gaia DR3 5632782267915076736,1,61,145.3931492,145.3931492,-29.3736968,-29.3736968,1.532148,0.23636,160.1471213,-40.3081997,2.955729333,-24.71521203,6.696737771,0.010103568,0.01046171,0.015517804,0.016233731,0.011149295,,,2016,7623.224609,,,1.14E-4,1.677602,1.695666,2.01438,7873.09,7926.82,8578.73,3.954117,3.968741,4.060146,-0.413222,-0.320669,0.177374,0.329568,0.332103,0.335526,0.336136,0.338043,0.025276,0.229106,0.242758,0.480705,0.755432,1.0,-8.25221,-0.315716,0.100873,8.258246,-0.003619552,0.220093,0.262568,0.150075,1.55E-7,0.112493,1.84074,0.23636,145.39327523417,-29.37372656319,2.791E-4,1.511E-4,63.46,5632782267915076736,145.39314918357,0.0101,-29.37369679997,0.0105,2.9557,0.0155,190.4734,25.606,-24.715,0.016,6.697,0.011,682,-2.5764,1593.81,0.1,19.49,31,,,21,0.93,true,3331180.0,784.748,9.380871,2158280.0,1207.4,9.503274,1727390.0,9.154421,1.166,0.348853,,,0,,,,,81418788,,0.002767,0.002856,0.00388,9.380871,0.002767,3331180.0,-0.004,0.2587,0.184,0.4626,0.409653
Gaia DR3 5410092611674819840,1,62,144.1058846,144.1058846,-48.75126167,-48.75126167,1.823827,0.231723,174.0583059,-57.51974654,14.00887961,-8.163841564,-18.85033644,0.023956474,0.023267731,0.028297136,0.030608317,0.030151647,,,2016,7618.288086,,,9.1E-5,1.547,1.547,1.671776,7659.49,7659.49,8020.44,3.974,3.978695,4.021625,-0.432922,-0.432922,-0.22489,0.070726,0.070846,0.071342,0.071358,0.071656,0.110469,0.140839,0.142532,0.316514,0.379544,1.0,-8.196044,-0.071163,0.003142,8.196353,-7.27E-4,0.128854,0.1539,0.088073,1.38E-7,0.065827,1.823827,0.234519,144.10593960905,-48.75117789003,5.037E-4,4.782E-4,51.44,5410092611674819840,144.10588457785,0.024,-48.75126166931,0.0233,14.0089,0.0283,495.0635,20.542,-8.164,0.031,-18.85,0.03,353,6.6201,3589.42,0.277,98.79,31,,,26,1.26,false,6.12603E7,22036.4,6.21942,4.05251E7,47998.9,6.319233,3.09375E7,6.021684,1.167,0.29755,,,0,,,,,438401542,,0.002783,0.003072,0.004174,6.21942,0.002783,6.12603E7,-0.001,0.4939,0.4883,0.0505,0.328657
Gaia DR3 5704085627039332864,1,64,133.0074909,133.0074909,-20.22912008,-20.22912008,1.969553,0.300418,142.449823,-36.16981097,3.017580402,-5.154241226,-1.627795226,0.012561872,0.008592195,0.016817406,0.015369043,0.013352345,,,2016,,,,2.4E-5,1.609918,1.792998,1.900323,7598.26,7857.77,8141.86,4.086719,4.149877,4.179349,-0.238435,0.179745,0.377618,0.323586,0.325938,0.327158,0.331809,0.333279,0.190114,0.438964,0.543911,0.643049,0.743277,1.0,-8.329847,-0.287818,0.085632,8.334819,-0.004615665,0.487506,0.584904,0.335076,7.93E-8,0.249828,1.818072,0.228953,133.00751529495,-20.22911284627,2.545E-4,2.152E-4,105.6,5704085627039332864,133.00749088131,0.0126,-20.22912008092,0.0086,3.0176,0.0168,179.432,5.405,-5.154,0.015,-1.628,0.013,574,-1.1043,1328.41,0.101,17.5,31,,,21,0.967,true,1830660.0,352.736,10.030847,1097970.0,392.419,10.237066,1057870.0,9.68682,1.178,0.550246,,,0,,,,,47965855,,0.002763,0.002817,0.003795,10.030847,0.002763,1830660.0,-0.005,0.2519,0.2183,-0.087,0.086422
Gaia DR3 5525888228505606144,1,65,132.1787007,132.1787007,-39.23365599,-39.23365599,1.670991,0.245826,152.1277598,-53.96106182,9.050166744,-32.84817849,48.65501313,0.012112062,0.015046448,0.016960051,0.015227408,0.017282706,,,2016,7327.279785,,,2.61E-4,1.537042,1.685,1.699,7592.77,7785.74,7902.72,3.934,3.978,3.984,-0.624941,-0.22494,-0.118812,0.109243,0.109601,0.109713,0.109926,0.110731,0.018147,0.12625,0.246957,0.282428,0.323585,1.0,-8.2183,-0.108042,0.005394,8.21901,8.44E-4,0.223145,0.266621,0.152543,1.48E-7,0.114078,1.772569,0.221064,132.1788892257,-39.23387223524,2.817E-4,2.45E-4,7.81,5525888228505606144,132.17870074465,0.0121,-39.23365599089,0.015,9.0502,0.017,533.6167,58.705,-32.848,0.015,48.655,0.017,395,-3.1138,1133.87,0.13,17.42,31,,,26,0.89,true,2.73386E7,5606.32,7.095427,1.77094E7,9725.86,7.218032,1.43188E7,6.858128,1.172,0.359904,,,0,,,,,,,0.002764,0.002853,0.003823,7.095427,0.002764,2.73386E7,0.001,0.2457,0.2811,0.0377,0.939357
Gaia DR3 5721586798437207296,1,66,123.6206064,123.6206064,-15.77539461,-15.77539461,2.154593,0.37273,130.3545132,-34.62442907,3.757779502,-21.08152872,4.118545711,0.013232015,0.012157038,0.018167904,0.018643592,0.016282769,,,2016,7111.6626,,,9.5E-5,1.595692,1.658643,1.731844,7300.15,7503.38,7675.43,4.088921,4.112538,4.133979,-0.116039,0.076414,0.278616,0.261016,0.261999,0.2649,0.266299,0.267356,-0.01931,0.118185,0.217445,0.286747,0.329331,1.0,-8.342822,-0.217966,0.047583,8.345669,-0.006541491,0.19538,0.234037,0.13414,3.73E-5,0.099897,1.765366,0.216629,123.6207037733,-15.77541291794,3.154E-4,2.498E-4,117.89,5721586798437207296,123.62060641017,0.0132,-15.77539461327,0.0122,3.7578,0.0182,206.8362,21.48,-21.082,0.019,4.119,0.016,335,0.5019,827.48,0.107,14.32,31,,,19,1.019,false,3081730.0,631.807,9.46538,1902320.0,706.865,9.640335,1706380.0,9.167708,1.171,0.472627,41.37,0.71,5,4250.0,4.5,,,71290204,,0.002764,0.002819,0.00379,9.46538,0.002764,3081730.0,-0.007,0.3023,0.2655,-0.1911,0.343719
Gaia DR3 3152456109221642112,1,67,117.7975419,117.7975419,13.74173966,13.74173966,1.772569,0.141791,117.1624861,-7.114804057,4.232853347,-13.47120341,-2.284323432,0.019430144,0.012201178,0.020623947,0.021104285,0.01219038,,,2016,,,,6.1E-5,1.739948,1.823207,1.982095,8276.46,8502.35,9019.16,4.146675,4.195034,4.23688,-0.327397,-0.093573,0.197923,0.231568,0.23211,0.234294,0.236847,0.237947,-0.06718,0.0198,0.089463,0.218371,0.321365,1.0,-8.396948,-0.100424,0.077591,8.397549,-0.003463149,0.082584,0.097697,0.055569,1.64E-5,0.042128,1.758236,0.209496,117.79760353388,13.74174980861,3.449E-4,1.826E-4,98.31,3152456109221642112,117.79754189761,0.0194,13.74173965607,0.0122,4.2329,0.0206,205.2398,13.664,-13.471,0.021,-2.284,0.012,456,-0.5981,1559.01,0.133,28.55,31,,,16,0.979,true,6213860.0,1527.95,8.703963,4264660.0,2421.89,8.76383,2932200.0,8.579911,1.158,0.183919,,,0,,,,1237667212649103396,,519143406,0.002768,0.002857,0.003868,8.703963,0.002768,6213860.0,-0.003,0.3423,0.1874,-0.1909,0.218606
Gaia DR3 5288096299004888704,1,68,115.7395632,115.7395632,-63.70192928,-63.70192928,2.553139,0.309302,177.1607388,-78.89305221,4.545515181,4.097464778,17.45979634,0.081722774,0.075706854,0.082495973,0.148032248,0.100968674,22.91996765,1.104133844,2016,7337.105469,,,8.0E-5,1.426402,1.482996,1.585072,7271.12,7579.1,7989.91,4.207582,4.222108,4.26943,-0.509514,-0.13396,-0.005688,0.210056,0.212313,0.216703,0.218854,0.230063,-0.002169,0.012677,0.1557,0.337763,0.408299,1.0,-8.179252,-0.204191,-0.069539,8.1818,8.44E-4,0.140434,0.167912,0.096153,5.96E-8,0.071759,1.75418,0.207037,115.73952208897,-63.70200688298,0.0024355,0.0015443,72.38,5288096299004888704,115.73956319353,0.0817,-63.70192928389,0.0757,4.5455,0.0825,55.0998,17.934,4.097,0.148,17.46,0.101,287,82.6318,27407.75,0.85,838.1,31,,,22,6.046,false,3355750.0,728.199,9.372892,2157080.0,1185.16,9.503875,1778410.0,9.122814,1.173,0.381061,,,0,,,,,463695074,,0.002765,0.002853,0.003789,9.372892,0.002765,3355750.0,0.001,2.3679,1.6461,0.2625,0.286962
Gaia DR3 5537028063697055232,1,69,114.6136792,114.6136792,-39.69285639,-39.69285639,0.359615,-0.131542,129.5720804,-59.79598886,2.483241261,-6.892600191,5.378504421,0.020567048,0.024186961,0.024829904,0.029590685,0.0321852,,,2016,,,,3.9E-5,2.743287,2.935265,3.357105,11272.63,12189.49,13963.82,4.109623,4.174793,4.281414,-0.407398,-0.208566,0.197323,0.38648,0.391029,0.396734,0.405272,0.410626,0.057536,0.110778,0.190844,0.310021,0.373141,1.0,-8.31284,-0.375556,-0.060191,8.32132,0.007590056,0.188607,0.216559,0.120575,6.15E-5,0.095984,1.736549,0.205681,114.6137190331,-39.69288029668,5.345E-4,4.637E-4,23.11,5537028063697055232,114.61367922203,0.0206,-39.69285639222,0.0242,2.4832,0.0248,100.0101,8.743,-6.893,0.03,5.379,0.032,351,0.5884,2347.68,0.24,58.46,31,,,26,1.021,true,7222020.0,5533.09,8.54072,5367980.0,13231.2,8.514015,3015290.0,8.549573,1.161,-0.035558,,,0,,,,,30215904,,0.002878,0.003866,0.004178,8.54072,0.002878,7222020.0,0.008,0.4753,0.5242,0.1024,0.139938
Gaia DR3 5486011553099475200,1,70,112.7373538,112.7373538,-57.99106667,-57.99106667,1.758236,0.207037,151.503535,-76.51969072,4.077014406,-11.80822912,24.91759179,0.01286099,0.01396261,0.013609448,0.017172737,0.018237446,,,2016,7774.57666,,,1.23E-4,1.529106,1.824255,1.932475,7806.59,8035.0,8470.84,4.0171,4.097983,4.122518,-0.516999,-0.027386,0.286285,0.241586,0.242013,0.242919,0.24463,0.244969,0.061743,0.112274,0.200882,0.371671,0.498034,1.0,-8.201328,-0.231284,-0.074268,8.204589,-0.001859903,0.182828,0.217716,0.124315,1.0E-7,0.093401,1.718596,0.199502,112.73745276631,-57.99117741269,2.954E-4,2.751E-4,7.81,5486011553099475200,112.73735375484,0.0129,-57.99106666788,0.014,4.077,0.0136,299.5723,27.574,-11.808,0.017,24.918,0.018,320,1.3684,1097.02,0.131,23.98,31,,,26,1.054,false,5340700.0,1531.59,8.868371,3525960.0,1922.38,8.970349,2698940.0,8.669911,1.166,0.300438,,,0,,,,,471049415,,0.002773,0.002852,0.003894,8.868371,0.002773,5340700.0,-0.002,0.2755,0.295,0.0192,0.441139
Gaia DR3 5491664348536447744,1,71,109.1759302,109.1759302,-53.43694852,-53.43694852,2.19825,0.474245,134.8455648,-73.89068433,4.01474116,-10.12525398,6.366767704,0.013335241,0.012960561,0.014153783,0.017003236,0.01500766,16.82529449,0.68313998,2016,7089.685059,15.5837698,3.973137856,5.3E-5,1.672486,1.754537,1.832885,7526.29,7618.03,7887.78,4.160786,4.192253,4.216895,-0.013437,0.293879,0.411185,0.245326,0.246293,0.248069,0.249222,0.249638,-0.003956,0.001128,0.013563,0.123585,0.250444,1.0,-8.222844,-0.234908,-0.076385,8.226199,-0.016821146,0.012302,0.014668,0.00839,1.89E-7,0.006278,1.700979,0.196527,109.17600571364,-53.43697681891,2.7E-4,2.424E-4,88.62,5491664348536447744,109.17593017111,0.0133,-53.43694852215,0.013,4.0147,0.0142,283.6515,11.961,-10.125,0.017,6.367,0.015,246,-1.6224,479.19,0.093,9.788,31,,,22,0.926,false,3995590.0,1391.09,9.183414,2437420.0,6936.5,9.371215,2202330.0,8.890692,1.161,0.480523,20.64,0.75,3,4750.0,4.5,,,471448612,,0.002781,0.004163,0.006755,9.183414,0.002781,3995590.0,-0.017,0.27,0.2424,0.0052,0.191322
Gaia DR3 3051821005392580992,1,72,108.6087184,108.6087184,-7.577018847,-7.577018847,2.372011,0.302377,111.3440429,-29.64783479,4.757767361,-10.69954011,-3.87514914,0.01411994,0.013590005,0.01674561,0.01660271,0.014607145,,,2016,7907.997559,,,5.1E-5,1.477026,1.659224,1.715064,7721.64,7849.95,8322.38,4.203593,4.279122,4.290633,-0.330426,6.04E-4,0.10384,0.206895,0.208032,0.209012,0.210436,0.212091,-0.052099,-0.026592,0.027089,0.203621,0.317199,1.0,-8.354541,-0.140599,0.005905,8.355724,-0.0050596,0.024691,0.029375,0.016777,1.62E-7,0.012598,1.699449,0.169605,108.60876638668,-7.57700162396,2.663E-4,2.363E-4,86.41,3051821005392580992,108.6087184143,0.0141,-7.57701884684,0.0136,4.7578,0.0167,284.1203,11.38,-10.7,0.017,-3.875,0.015,233,-3.9807,444.17,0.086,7.859,31,,,17,0.818,false,4741580.0,1638.56,8.99756,3105780.0,3980.69,9.108117,2409360.0,8.793141,1.163,0.314976,,,0,,,,,63465481,413050370,0.002781,0.003118,0.004532,8.99756,0.002781,4741580.0,-0.005,0.2662,0.2365,0.015,0.182123
Gaia DR3 3108688640134891648,1,73,105.1002449,105.1002449,-3.011192715,-3.011192715,-1.485063,-0.085556,106.7627603,-25.57602625,1.003367709,1.006059662,-1.349362503,0.026037604,0.027332298,0.032019611,0.030553566,0.027613956,6.857038021,3.650198936,2016,9999.313477,,,7.0E-6,3.742931,3.817822,4.174787,9982.84,10342.15,11872.16,3.418484,3.430455,3.577726,-0.078678,0.228153,0.410506,0.872207,0.907063,0.9783,1.029448,1.047126,0.143262,0.147787,0.193822,0.330888,0.451967,1.0,-8.985009,-0.583712,0.010562,9.00395,0.005509377,0.185207,0.21579,0.121408,1.39E-7,0.094382,1.688862,0.163139,105.10024039214,-3.0111867179,5.065E-4,4.318E-4,116.99,3108688640134891648,105.1002448697,0.026,-3.01119271506,0.0273,1.0034,0.032,31.336,1.683,1.006,0.031,-1.349,0.028,214,2.3069,1474.2,0.23,54.55,31,,,16,1.113,false,6515460.0,3422.95,8.652504,4768650.0,6000.49,8.642553,2790410.0,8.633727,1.16,0.008826,,,0,,,104381051000506898,,65939184,435050736,0.002814,0.003107,0.003973,8.652504,0.002814,6515460.0,0.006,0.4921,0.4482,-0.1285,0.026995
Gaia DR3 5608296625002735488,1,74,103.7909371,103.7909371,-30.06222393,-30.06222393,2.364781,0.38068,109.8366436,-52.55599284,2.520236566,-7.931030346,-2.536214349,0.008767732,0.01085097,0.012793556,0.012490791,0.015328527,-4.7096634,1.1434023,2016,7570.846,26.224747,8.4009075,3.7E-5,1.598313,1.673064,1.745595,7422.35,7549.38,7870.66,4.196238,4.21701,4.239499,-0.023939,0.196421,0.306743,0.386665,0.387998,0.39263,0.39568,0.398138,-0.053723,-0.016194,0.067593,0.20318,0.268331,1.0,-8.388642,-0.333747,-0.084768,8.395279,-0.008595586,0.0611,0.072972,0.041774,1.49E-4,0.031198,1.670991,0.158848,103.79097787541,-30.06221266053,2.481E-4,1.995E-4,172.27,5608296625002735488,103.79093714778,0.0088,-30.0622239326,0.0109,2.5202,0.0128,196.9927,8.327,-7.931,0.012,-2.536,0.015,441,-1.0475,1181.28,0.099,15.35,31,,,27,0.964,false,1308060.0,631.272,10.395801,824636.0,1826.74,10.547887,699447.0,10.136008,1.165,0.411879,,,0,,,,,32988499,,0.002805,0.003684,0.00395,10.395801,0.002805,1308060.0,-0.009,0.2005,0.2473,-0.0585,0.133366
Gaia DR3 5569272208551498368,1,75,98.93746814,98.93746814,-43.07472335,-43.07472335,1.699449,0.320996,106.2086986,-66.01186096,3.14616627,-13.81752274,3.233791908,0.012791625,0.013999609,0.014599558,0.016126394,0.01704058,,,2016,7501.9893,,,6.3E-5,1.790758,1.813655,1.912,7566.59,7648.47,7854.16,4.007544,4.025608,4.048,-0.019348,0.082515,0.392604,0.31005,0.311357,0.315014,0.315745,0.31846,0.011427,0.056087,0.136009,0.221006,0.417267,1.0,-8.292489,-0.279484,-0.112107,8.297197,-0.004056573,0.122952,0.146853,0.084043,7.67E-6,0.06281,1.624705,0.154605,98.93755221442,-43.07473772178,2.758E-4,2.584E-4,176.84,5569272208551498368,98.93746814285,0.0128,-43.0747233494,0.014,3.1462,0.0146,215.4974,14.191,-13.818,0.016,3.234,0.017,375,4.5625,1324.58,0.147,32.84,31,,,28,1.171,true,3542650.0,1439.02,9.314047,2265420.0,3206.18,9.45067,1872460.0,9.066865,1.168,0.383805,,,0,,,,,28445856,,0.00279,0.003185,0.004139,9.314047,0.00279,3542650.0,-0.004,0.2584,0.2758,-0.0072,0.227061
Gaia DR3 5575085876283450368,1,76,96.79711851,96.79711851,-37.10197529,-37.10197529,1.818072,0.097117,100.9772125,-60.28250785,5.784440245,-19.08978952,13.8045566,0.08389874,0.09891541,0.10762144,0.11242418,0.1298249,,,2016,8280.085,,,1.05E-4,1.547657,1.835417,1.972893,8042.79,8643.7,9452.38,4.129815,4.20343,4.258767,-0.515355,-0.204667,0.013073,0.161673,0.166134,0.173286,0.179344,0.183135,-0.118288,0.003658,0.164497,0.381635,0.441626,1.0,-8.268392,-0.147212,-0.060655,8.269702,6.07E-4,0.151939,0.179717,0.102176,1.69E-5,0.077541,1.574696,0.14744,96.79722488415,-37.10203664046,0.0021155,0.0017584,162.39,5575085876283450368,96.79711850564,0.0839,-37.10197528692,0.0989,5.7844,0.1076,53.748,23.558,-19.09,0.112,13.805,0.13,370,80.3138,33814.02,1.208,1232.0,31,,,25,5.147,true,1.02192E7,5229.74,8.163827,7060110.0,5146.25,8.216514,4813000.0,8.041855,1.162,0.174659,,,0,,,,,28975225,,0.002811,0.0029,0.003812,8.163827,0.002811,1.02192E7,0.001,1.794,2.0854,-0.1066,0.376914
Gaia DR3 2992781354145083136,1,77,92.8406334,92.8406334,-15.79314348,-15.79314348,1.172954,0.243186,93.52790662,-39.19764318,7.759706393,-0.117972516,-18.77058338,0.01748146,0.022094637,0.030760543,0.024040375,0.026384076,,,2016,7727.5146,,,8.3E-5,1.916858,2.065192,2.159,7923.19,7953.79,8352.97,3.882466,3.909904,3.936,-0.213823,0.1904,0.195188,0.126,0.127828,0.127858,0.129065,0.13011,0.049159,0.049861,0.053392,0.260055,0.299846,1.0,-8.290157,-0.083667,-0.034917,8.29058,-0.001752138,0.048741,0.057949,0.033077,9.91E-6,0.024872,1.545419,0.146534,92.84063394607,-15.79306005264,4.377E-4,3.81E-4,162.92,2992781354145083136,92.84063340118,0.0175,-15.79314347746,0.0221,7.7597,0.0308,252.2617,18.771,-0.118,0.024,-18.771,0.026,550,11.8301,4807.14,0.245,87.57,31,,,22,1.378,true,3.73948E7,9643.39,6.755338,2.4973E7,16528.4,6.844864,1.85539E7,6.576806,1.164,0.268058,,,0,,,,,49834249,,0.00277,0.002881,0.003841,6.755338,0.00277,3.73948E7,-0.002,0.3862,0.4331,-0.0779,0.300344
Gaia DR3 5278537488513876352,1,78,92.12206031,92.12206031,-71.11992356,-71.11992356,1.87922,0.140199,261.4494394,-85.37760519,4.175234998,3.437285143,10.01561656,0.026107151,0.025691805,0.027454909,0.038088143,0.0303238,,,2016,7970.1084,,,4.7E-5,1.618918,1.776391,1.971398,8212.95,8520.78,9258.15,4.17563,4.216743,4.300304,-0.411697,-0.099637,0.101161,0.233653,0.235192,0.238808,0.240858,0.241803,0.027936,0.098882,0.198907,0.373826,0.533791,1.0,-8.157965,-0.204552,-0.115847,8.160529,-0.003282428,0.183018,0.216865,0.123424,1.63E-5,0.093441,1.532148,0.143338,92.12201309497,-71.11996807819,6.309E-4,4.752E-4,110.19,5278537488513876352,92.12206030574,0.0261,-71.11992356434,0.0257,4.1752,0.0275,152.0761,10.589,3.437,0.038,10.016,0.03,279,9.0947,1792.97,0.246,60.36,31,,,23,1.411,false,4942580.0,1732.27,8.952482,3335910.0,2066.68,9.030506,2401110.0,8.796865,1.161,0.233641,,,0,,,,,464498375,,0.002781,0.00287,0.00423,8.952482,0.002781,4942580.0,-0.003,0.6144,0.4963,-0.1829,0.169441
Gaia DR3 3218275383519669888,1,79,87.10618062,87.10618062,-0.759617557,-0.759617557,2.095588,0.356288,86.82821377,-24.16704287,9.134149617,-19.48882502,-0.772142743,0.019624339,0.018264748,0.024377188,0.02378089,0.019634644,,,2016,7500.992676,,,8.7E-5,1.655409,1.797146,1.861833,7663.53,7706.53,7926.98,4.136144,4.179328,4.201305,-0.023494,0.216986,0.48387,0.108347,0.108671,0.109205,0.109679,0.110073,-0.024616,0.007282,0.04323,0.123591,0.227071,1.0,-8.294855,-0.046869,-0.027045,8.294988,-0.006620169,0.039252,0.046782,0.026747,9.65E-8,0.020035,1.465229,0.141791,87.10626724269,-0.75961412476,4.024E-4,3.075E-4,116.39,3218275383519669888,87.10618061807,0.0196,-0.7596175565,0.0183,9.1341,0.0244,374.7007,19.504,-19.489,0.024,-0.772,0.02,445,0.0324,1374.67,0.153,24.06,31,,,19,1.0,true,2.2107E7,8429.56,7.326044,1.41445E7,23847.6,7.462077,1.16106E7,7.085754,1.165,0.376322,,,0,,,,1237663332150214694,28076697,447021410,0.002786,0.003337,0.004026,7.326044,0.002786,2.2107E7,-0.007,0.3855,0.3284,-0.2118,0.312059
Gaia DR3 4784786192734393600,1,80,72.16048308,72.16048308,-49.16995329,-49.16995329,1.193318,0.304959,53.43484065,-70.35330639,2.909724606,-1.529606664,0.768049044,0.011457743,0.01365126,0.014028756,0.015510798,0.016614448,,,2016,,,,8.0E-6,2.065,2.065145,2.271275,7923.19,7923.78,8640.55,3.908439,3.91,3.97862,0.191814,0.191814,0.290542,0.334594,0.336765,0.341778,0.345485,0.345718,-0.027172,-0.023477,-0.009883,0.268603,0.282678,1.0,-8.264427,-0.253972,-0.219453,8.268329,-0.010285258,-0.009034,-0.010733,-0.006125,1.8E-8,-0.004608,1.41797,0.140199,72.16049347469,-49.16995669946,3.024E-4,2.055E-4,141.39,4784786192734393600,72.1604830769,0.0115,-49.1699532859,0.0137,2.9097,0.014,207.4114,1.712,-1.53,0.016,0.768,0.017,330,-1.1602,891.5,0.11,14.17,31,,,25,0.954,false,5416810.0,2143.69,8.853007,3550460.0,2747.25,8.96283,2717480.0,8.662478,1.157,0.300351,,,0,,,,,502579537,,0.002789,0.002914,0.004144,8.853007,0.002789,5416810.0,-0.01,0.2477,0.2688,-0.3603,0.027373
Gaia DR3 3297587246041234304,1,81,62.69075698,62.69075698,7.288075552,7.288075552,2.094425,0.074429,62.0886852,-13.54426335,4.011239581,0.022241494,-5.970347457,0.017823206,0.013245006,0.020101333,0.023959262,0.017640308,9.991457939,0.82529968,2016,8159.145996,,,2.7E-5,1.564145,1.650288,1.815368,8123.89,8801.34,9229.03,4.254354,4.305893,4.354177,-0.50084,-0.230979,-0.086644,0.243799,0.245576,0.246657,0.249372,0.250888,0.230335,0.264383,0.475284,0.579609,0.69489,1.0,-8.41118,-0.017866,-0.126188,8.411199,-3.6E-4,0.435952,0.51753,0.294524,1.57E-7,0.223006,1.394319,0.135572,62.69075688517,7.28810208651,3.857E-4,2.771E-4,99.35,3297587246041234304,62.69075698482,0.0178,7.28807555164,0.0132,4.0112,0.0201,199.5509,5.97,0.022,0.024,-5.97,0.018,242,-1.3852,613.96,0.121,15.85,31,,,17,0.936,false,3010300.0,879.259,9.490841,1992090.0,1597.7,9.590267,1520640.0,9.292832,1.167,0.297435,,,0,,,,,,487017658,0.002774,0.002923,0.00382,9.490841,0.002774,3010300.0,-0.0,0.3832,0.2805,-0.1074,0.095525
Gaia DR3 67299186890270208,1,82,58.34623061,58.34623061,25.64256677,25.64256677,2.110322,0.209496,61.63380155,5.266726613,3.664552769,-0.205512657,-7.746768288,0.033606146,0.020359106,0.035454132,0.043640714,0.027125616,,,2016,7934.153809,,,3.4E-5,1.467915,1.694973,1.851384,7873.58,8086.23,9022.79,4.129478,4.220776,4.280317,-0.335231,-0.30131,0.081338,0.263824,0.267437,0.271526,0.276095,0.277581,0.182966,0.300526,0.406884,0.696497,0.766525,1.0,-8.445898,0.058558,-0.099152,8.4461,0.012670398,0.368234,0.439765,0.251335,1.07E-7,0.18843,1.347181,0.097117,58.34623162809,25.64260120481,7.101E-4,4.155E-4,82.76,67299186890270208,58.34623061491,0.0336,25.64256677473,0.0204,3.6646,0.0355,103.3604,7.749,-0.206,0.044,-7.747,0.027,364,2.0445,2967.59,0.245,81.91,95,1.6568,0.0051,17,1.076,false,2605570.0,1339.7,9.647611,1681280.0,1244.55,9.77444,1407840.0,9.376514,1.186,0.397925,,,0,,,,,,579032553,0.002811,0.002904,0.004141,9.647611,0.002811,2605570.0,0.013,0.7064,0.4218,0.1392,0.124009
Gaia DR3 4642093772704100992,1,83,49.03353461,49.03353461,-73.54886804,-73.54886804,0.749679,0.07611,315.0573529,-74.79263252,4.029927949,1.074614332,25.76014098,0.135736108,0.117752947,0.131002635,0.172992587,0.148139432,,,2016,7948.858887,,,1.15E-4,1.971,2.041,2.08842,7850.46,8695.14,8807.81,3.797,3.826937,3.899089,-0.418584,-0.219524,-0.015503,0.22269,0.228329,0.23787,0.249687,0.262528,-0.045814,0.038118,0.334955,0.348131,0.441396,1.0,-8.136474,-0.171215,-0.152421,8.138274,0.0013448,0.307972,0.365126,0.207747,3.2E-8,0.157379,1.193318,0.091031,49.03351774648,-73.54898252582,0.0027625,0.0023461,80.11,4642093772704100992,49.03353461138,0.1357,-73.54886803631,0.1178,4.0299,0.131,30.7622,25.783,1.075,0.173,25.76,0.148,298,80.6406,32021.67,1.467,1248.0,31,,,22,5.778,false,1.25663E7,4097.81,7.939352,8515620.0,8163.61,8.013001,6128490.0,7.779512,1.165,0.23349,,,0,,,,,491721360,,0.002778,0.002978,0.003951,7.939352,0.002778,1.25663E7,0.001,2.7511,2.3594,0.0554,0.412507
Gaia DR3 5183412106158539776,1,84,47.5267518,47.5267518,-3.541305892,-3.541305892,1.869082,0.442668,44.00149985,-20.45724786,2.937038575,0.175628949,6.812498366,0.04051419,0.039062243,0.04894165,0.050163537,0.04488885,20.873848,0.38397494,2016,7056.7954,15.312946,3.0964644,3.0E-5,1.480048,1.493156,1.787895,6841.31,6885.4,7662.25,3.805555,3.816615,3.888451,-0.52821,-0.435825,-0.019492,0.327352,0.329206,0.341079,0.341899,0.346128,0.056491,0.057879,0.102277,0.470126,0.588012,1.0,-8.421739,-0.013851,-0.258796,8.42175,0.012888789,0.090883,0.109406,0.062944,1.16E-5,0.046462,1.172954,0.07838,47.52675101472,-3.54133617024,8.081E-4,7.244E-4,86.15,5183412106158539776,47.52675179679,0.0405,-3.54130589243,0.0391,2.937,0.0489,60.011,6.815,0.176,0.05,6.812,0.045,220,31.3376,4293.43,0.383,160.0,31,,,16,2.842,false,2662250.0,1582.33,9.624244,1660120.0,546.157,9.788196,1511930.0,9.299066,1.191,0.48913,24.59,0.49,4,6750.0,4.5,,,21574984,433003920,0.00283,0.002813,0.003802,9.624244,0.00283,2662250.0,0.013,0.8078,0.7248,0.0147,0.109038
Gaia DR3 4618969428264480256,1,85,45.15367158,45.15367158,-81.90210436,-81.90210436,1.820855,0.242701,288.1978897,-71.45264446,3.45805071,-26.9123371,-16.85944798,0.011551882,0.01107499,0.012258021,0.014966779,0.015352853,,,2016,7841.461426,,,1.41E-4,1.622947,1.831816,1.945193,7608.2,7964.73,8416.64,4.06471,4.124442,4.172381,-0.203119,0.084262,0.278053,0.282617,0.283717,0.286887,0.288424,0.290509,0.026038,0.051812,0.216291,0.362305,0.463698,1.0,-8.089168,-0.210826,-0.159914,8.091914,-0.003575563,0.196438,0.234153,0.133778,1.54E-7,0.100375,1.090128,0.076156,45.15452068802,-81.9020294284,2.471E-4,2.391E-4,170.31,4618969428264480256,45.15367158144,0.0116,-81.90210436016,0.0111,3.4581,0.0123,282.1051,31.757,-26.912,0.015,-16.859,0.015,323,-2.4284,707.57,0.096,11.8,31,,,26,0.904,false,3569510.0,752.616,9.305845,2317600.0,984.922,9.425947,1845060.0,9.082871,1.166,0.343077,,,0,,,,,490778627,,0.002765,0.002828,0.003798,9.305845,0.002765,3569510.0,-0.004,0.2393,0.2469,-0.011,0.508114
Gaia DR3 5137326935274065280,1,86,31.56595495,31.56595495,-19.12397529,-19.12397529,2.360844,0.39252,21.89058371,-29.82257901,3.19428899,25.46852424,-0.371503834,0.267491013,0.288540989,0.45090133,0.355391353,0.327986449,,,2016,7462.937012,,,1.13E-4,1.283,1.414276,1.453545,7077.61,7170.16,7304.28,3.960372,4.022814,4.261659,-0.52878,-0.424575,-0.253062,0.244224,0.266065,0.377522,0.404776,0.415692,-0.128694,-0.019892,0.013261,0.088296,0.254344,0.578125,-8.319922,-0.02528,-0.357074,8.319961,0.07752049,0.0119,0.014259,0.008182,1.86E-7,0.006077,1.082977,0.07611,31.56583514015,-19.12397364128,0.0060015,0.0047454,54.7,5137326935274065280,31.56595494542,0.2675,-19.12397529245,0.2885,3.1943,0.4509,7.0842,25.471,25.469,0.355,-0.372,0.328,369,257.802,442680.06,3.39,15210.0,31,,,16,20.005,false,1485820.0,4200.25,10.257453,1010930.0,522.581,10.326736,847037.0,9.92814,1.25,0.398597,,,0,,,,1237667244327698447,14205735,,0.004125,0.002846,0.003797,10.257453,0.004125,1485820.0,0.078,5.6133,5.1988,0.2182,0.407555
Gaia DR3 105728320868135808,1,87,30.8702345,30.8702345,26.53718798,26.53718798,2.262717,0.428137,37.95025954,13.13913522,6.203699717,-14.3790781,-5.425677858,0.07577561,0.07039073,0.08264225,0.10028437,0.10495888,-8.941886,0.58235234,2016,7106.312,24.534424,1.8378841,6.8E-5,1.56496,1.628619,1.73565,7030.3,7371.49,7583.01,4.102775,4.12515,4.166216,-0.13007,0.092938,0.406037,0.155583,0.15713,0.159991,0.163009,0.165934,-0.078806,-0.055357,0.133434,0.218121,0.362648,1.0,-8.305473,0.081431,-0.088553,8.305873,-0.005407691,0.11985,0.14357,0.082324,1.55E-5,0.061246,0.85875,0.074429,30.87030592831,26.5372120928,0.0019262,0.0012737,42.33,105728320868135808,30.87023449545,0.0758,26.53718797869,0.0704,6.2037,0.0826,75.0669,15.369,-14.379,0.1,-5.426,0.105,191,38.1755,5805.37,0.658,280.1,31,,,14,3.53,true,8198350.0,1994.76,8.403051,5033310.0,5117.73,8.583908,4585090.0,8.094525,1.173,0.489383,,,0,,,,1237680283852603420,,583014383,0.002768,0.003001,0.003807,8.403051,0.002768,8198350.0,-0.005,1.6029,1.6624,0.3901,0.245883
Gaia DR3 505502605482123648,1,88,30.16774181,30.16774181,58.52690454,58.52690454,2.263384,0.325845,52.10724995,42.6985967,6.833103735,39.28245933,-17.05447757,0.011994549,0.014008848,0.022092871,0.018220186,0.024855366,,,2016,7600.154297,,,1.9E-4,1.57634,1.717012,1.752615,7689.02,7746.28,7921.47,4.186851,4.227911,4.240279,-0.204873,0.100276,0.205899,0.144586,0.144719,0.145634,0.146494,0.146989,-0.053558,-0.043107,0.006672,0.059383,0.106583,1.0,-8.297078,0.108266,-0.007969,8.297785,-0.006601572,0.006071,0.007228,0.004131,2.49E-8,0.003097,0.749679,0.063475,30.16740740811,58.52698033725,3.958E-4,2.9E-4,4.96,505502605482123648,30.1677418071,0.012,58.52690454001,0.014,6.8331,0.0221,309.29,42.825,39.282,0.018,-17.054,0.025,611,-1.9759,1558.7,0.154,21.88,31,,,24,0.943,true,1.0981E7,2567.98,8.085765,7147390.0,5852.59,8.203174,5616500.0,7.874231,1.162,0.328942,,,0,,,,,,743085365,0.002767,0.002928,0.003916,8.085765,0.002767,1.0981E7,-0.007,0.2909,0.3951,0.0543,0.685202
Gaia DR3 2458519755033679360,1,89,22.81860313,22.81860313,-11.1189796,-11.1189796,1.945185,0.266677,16.76279282,-19.1657409,3.256875898,-8.756474904,-24.43490739,0.12546696,0.067438856,0.13789542,0.17202725,0.07130132,,,2016,7701.7817,,,1.15E-4,1.645244,1.690567,1.893015,7471.5,7654.06,8216.11,4.018038,4.098921,4.138125,-0.411264,0.075677,0.19325,0.267048,0.28256,0.29747,0.324065,0.348383,-0.033056,-0.015207,0.088208,0.274804,0.434947,1.0,-8.285879,0.039731,-0.282019,8.285975,0.034944892,0.079876,0.095322,0.054535,6.92E-6,0.040787,0.41088,0.019164,22.81864279248,-11.11887100232,0.0028004,0.0011473,90.28,2458519755033679360,22.81860313033,0.1255,-11.11897960191,0.0674,3.2569,0.1379,23.6184,25.957,-8.756,0.172,-24.435,0.071,328,73.3382,29053.55,1.008,921.1,95,1.5881,0.0257,17,5.005,false,3296360.0,2738.61,9.392279,2239400.0,1495.3,9.463213,1725280.0,9.155748,1.203,0.307465,,,0,,,,,13727303,395000306,0.002899,0.002883,0.003852,9.392279,0.002899,3296360.0,0.035,2.8004,1.1474,-0.0101,0.415298
Gaia DR3 5034539498772633856,1,90,16.48190886,16.48190886,-26.72897932,-26.72897932,1.736549,0.14744,3.579697266,-30.89403627,4.713472209,-33.4665285,-19.89679382,0.081952304,0.060097262,0.10346549,0.10336525,0.125542656,,,2016,8224.420898,,,1.73E-4,1.595517,1.77941,1.988711,8225.08,8450.78,8780.79,4.077236,4.165077,4.226211,-0.507992,-0.126513,0.196511,0.199721,0.20477,0.213061,0.221496,0.228901,-0.092273,-0.015119,0.059776,0.166226,0.354044,1.0,-8.210804,-0.005436,-0.212717,8.210806,-0.00123477,0.055171,0.065269,0.037131,1.32E-7,0.028138,0.359615,-0.085556,16.4820753959,-26.72889088964,0.0022007,0.0012973,33.3,5034539498772633856,16.4819088606,0.082,-26.72897931994,0.0601,4.7135,0.1035,45.556,38.934,-33.467,0.103,-19.897,0.126,373,47.4016,13232.58,0.709,438.1,31,,,15,3.184,true,7966210.0,2684.48,8.434238,5493210.0,3184.66,8.488977,3747990.0,8.313398,1.16,0.175579,,,0,,,,,10253497,,0.00278,0.00286,0.004074,8.434238,0.00278,7966210.0,-0.001,1.6234,1.9725,0.4528,0.622953
Gaia DR3 2426233764315367040,1,91,10.04174469,10.04174469,-8.931294997,-8.931294997,2.722212,0.135572,5.652785384,-12.17843356,4.046677935,30.28003179,14.42411746,0.033195697,0.023987109,0.039545167,0.047498357,0.052901093,-24.70811,0.6044819,2016,,15.534533,8.466487,1.49E-4,1.374396,1.428698,1.478028,8037.8,8248.62,8892.32,4.371768,4.40262,4.43779,-0.700725,-0.510978,-0.417335,0.240718,0.243773,0.246937,0.249934,0.252539,0.038429,0.048323,0.151042,0.333482,0.378147,1.0,-8.231785,0.07113,-0.234325,8.232092,0.005453348,0.138359,0.164266,0.09363,8.25E-6,0.070636,-0.90786,-0.131542,10.04160846257,-8.93135910385,9.854E-4,5.634E-4,39.44,2426233764315367040,10.04174469227,0.0332,-8.93129499669,0.024,4.0467,0.0395,102.3305,33.54,30.28,0.047,14.424,0.053,497,23.8371,5982.42,0.294,132.8,31,,,15,1.848,true,2215870.0,500.777,9.823505,1521010.0,614.155,9.883213,1067470.0,9.677005,1.168,0.206208,,,0,,,,1237652901826199585,13022301,,0.002766,0.002824,0.003792,9.823505,0.002766,2215870.0,0.005,0.7624,0.841,0.5001,0.536633
Gaia DR3 2741721583476129664,1,92,2.127156887,2.127156887,4.471842232,4.471842232,1.394319,0.324641,3.730903317,3.257054526,1.905127429,10.41298224,27.91616721,0.11054384,0.076798394,0.116214447,0.136912346,0.094398744,,,2016,7286.920898,,,1.32E-4,1.67101,1.765685,1.782723,7369.08,7456.85,7659.82,3.780962,3.805381,3.949971,-0.429938,-0.221995,0.076755,0.444617,0.459781,0.536244,0.565698,0.589597,-0.041673,0.055286,0.093488,0.191686,0.415411,1.0,-8.266878,0.286379,-0.44841,8.271837,5.49E-4,0.08425,0.100765,0.057731,2.22E-7,0.043034,-1.485063,-0.146381,2.127110466,4.47171816049,0.0022443,0.0014222,71.05,2741721583476129664,2.12715688723,0.1105,4.47184223235,0.0768,1.9051,0.1162,16.3932,29.795,10.413,0.137,27.916,0.094,382,65.2702,20036.09,0.732,683.1,31,,,13,4.154,false,1678010.0,401.192,10.125381,1083640.0,391.04,10.251326,882466.0,9.883651,1.172,0.367675,,,0,,,113360021271146971,,,473000655,0.002768,0.002818,0.003787,10.125381,0.002768,1678010.0,0.001,2.1723,1.5299,0.2786,0.476719
