designation,num,id,ra,RA_ICRS,dec,DE_ICRS,GMAG0,BP-RP0,ecl_lon,ecl_lat,parallax,pmra,pmdec,ra_error,dec_error,parallax_error,pmra_error,pmdec_error,radial_velocity,radial_velocity_error,ref_epoch,teff_gspphot,vbroad,vbroad_error,_r,mass16,mass50,mass84,teff16,teff50,teff84,logg16,logg50,logg84,met16,met50,met84,dist05,dist16,dist50,dist84,dist95,AV05,AV16,AV50,AV84,AV95,fidelity,XGal,YGal,ZGal,RGal,BP/RPCorr,AG50,ABP50,ARP50,Separation,AB50-AR50,GMAG0-desc,BP-RP0-desc
Gaia DR3 6490573544291074304,1,0,348.3171842,348.305087,-60.58422894,-60.58791745,5.665417,0.936648,317.6938945,-49.43237176,3.459966308,39.64006287,-23.18514203,0.020562543,0.02593456,0.029630782,0.024044143,0.033463933,,,2016,,,,0.0069,0.616022,0.73608,0.804334,5065.45,5426.55,5513.28,4.50686,4.554503,4.673439,-0.957541,-0.608562,-0.261564,1.67094,1.729794,2.325478,2.687733,2.912877,0.006007,0.016111,0.139201,0.217471,0.396011,0.596191,-7.079051,-0.85766,-1.848172,7.130816,0.044034243,0.118978,0.145864,0.084876,25.17475375,0.060988,5.665417,0.936648
Gaia DR3 6393742067789521152,1,1,347.3660905,347.3660905,-63.65354659,-63.65354659,2.298963,0.163139,314.1872095,-51.58853318,4.104261638,62.14304463,-41.23637541,0.011364562,0.011660827,0.015324083,0.013547839,0.014173762,,,2016,8015.518555,,,0.000331,1.50611,1.627841,1.678415,8257.15,8463.82,8765.34,4.302343,4.336446,4.356934,-0.507953,-0.206824,-0.098687,0.238775,0.239599,0.241588,0.243477,0.24453,0.055381,0.071516,0.153056,0.233637,0.336811,1,-8.080511,-0.099592,-0.184848,8.081125,-0.00451088,0.140868,0.166887,0.094988,0.00000013,0.071899,3.825913,0.894731
Gaia DR3 2382427228199293824,1,2,345.707633,345.707633,-26.92170842,-26.92170842,1.718596,0.234519,336.1460494,-19.138567,2.030447397,20.57543955,1.122409673,0.02006233,0.019751903,0.027087007,0.022440434,0.020220287,,,2016,7837.752,,,0.000092,1.638523,1.747179,1.846456,7614.19,7975.96,8220.37,4.022924,4.044944,4.088483,-0.430279,-0.214737,0.201987,0.471983,0.478068,0.481646,0.493334,0.499673,-0.154918,-0.054345,0.120227,0.206214,0.211842,1,-8.024724,0.089888,-0.439524,8.025228,-0.007592678,0.109567,0.130381,0.07444,0.00015,0.055941,3.278831,0.67326
Gaia DR3 6540158877300621696,1,3,345.4445206,345.4445206,-44.84100289,-44.84100289,2.361751,0.457022,327.1004739,-35.1746679,10.01288468,-90.52645992,-45.73022533,0.010657807,0.021040618,0.022876173,0.013040161,0.02624392,51.00457,0.27650777,2016,6804.58,11.08844,1.7410902,0.000451,1.439,1.446222,1.683112,6975.9,6975.9,7470.94,4.009,4.010545,4.102481,-0.237356,-0.234853,0.080627,0.099206,0.099489,0.099674,0.099825,0.099976,0.097072,0.102158,0.130382,0.392607,0.419992,1,-8.154234,-0.010799,-0.087885,8.154241,0.001974583,0.116008,0.139573,0.080259,0.000051,0.059314,2.885473,0.633547
Gaia DR3 1932476489951202432,1,4,340.4758944,340.4758944,40.51083178,40.51083178,2.185573,0.091031,2.019758648,44.19157183,1.787687838,-1.517550505,-4.948335962,0.019157648,0.023791527,0.03363201,0.02562108,0.032846157,-3.1652195,10.705,2016,9221.556,67.416916,124.22249,0.000023,1.486825,1.676742,1.751962,7783.29,8634.55,9251.72,4.243989,4.320208,4.379519,-0.521083,-0.219938,-0.102625,0.526714,0.535855,0.547682,0.563969,0.572701,0.139819,0.15492,0.490733,0.645466,0.741284,1,-8.272122,0.52157,-0.150727,8.288548,-0.000765,0.448279,0.533165,0.303777,0.000072,0.229388,2.866597,0.626589
Gaia DR3 2401638960512043264,1,5,338.3013759,338.3013759,-20.03935739,-20.03935739,2.688228,0.493744,332.4697641,-10.14998839,4.714879438,4.684710117,12.11754642,0.013616322,0.014748441,0.018824188,0.016623583,0.018043887,9.180768,0.52210975,2016,6414.073,6.749523,4.37835,0.000058,1.443919,1.454061,1.501426,6537.3,6841.43,6998.86,4.085761,4.123259,4.156988,-0.124633,0.067591,0.190295,0.208379,0.209523,0.210793,0.212462,0.213955,-0.004224,0.081094,0.23795,0.289809,0.365317,1,-8.111198,0.069529,-0.178084,8.111497,0.000597,0.210287,0.253835,0.146196,0.0000558,0.107639,2.819553,0.577909
Gaia DR3 2173914571812599680,1,6,327.0671362,327.0671362,54.3875213,54.3875213,1.937967,0.146534,3.855200275,60.67008551,7.625063717,35.64953815,30.80150423,0.018050652,0.018807584,0.020541271,0.025815869,0.025224596,-11.78762913,0.216706425,2016,7584.52002,69.81506348,1.775262475,0.000209,1.688098,1.822449,1.835055,7845.39,8372.26,8813.58,4.177658,4.235268,4.244843,-0.116708,-0.089573,0.112347,0.129741,0.130101,0.130148,0.130973,0.131321,0.09834,0.152316,0.346297,0.473233,0.476787,1,-8.218697,0.128792,0.001217,8.219706,-0.00066,0.316039,0.375961,0.214381,7.92E-08,0.16158,2.771185,0.568687
Gaia DR3 6786140038118162816,1,7,321.5162325,321.5162325,-29.93021046,-29.93021046,1.84074,0.252309,314.3785051,-14.07854562,4.16067848,22.30485101,-38.27306473,0.448891759,0.357892871,0.608689368,0.586616814,0.436654627,,,2016,7268.45459,,,0.000197,1.479849,1.786355,2.091138,7367.16,7717.59,8104.46,3.872547,3.991492,4.144452,-0.142647,0.084493,0.19031,0.156094,0.190642,0.219467,0.300069,0.321797,-0.046477,0.113539,0.282083,0.457518,0.598204,0.666016,-8.05181,0.044418,-0.155669,8.051933,0.03342104,0.25419,0.304109,0.17411,0.000000122,0.129999,2.722212,0.559936
Gaia DR3 6861716894000051072,1,8,309.5408637,309.5408637,-17.50178747,-17.50178747,2.048261,0.336373,307.3903133,0.953103393,3.080756792,3.561215672,3.235269433,0.015346823,0.010802045,0.017800704,0.017429104,0.012263459,,,2016,7499.855957,,,0.000021,1.670214,1.731119,1.804364,7505.61,7771.97,7955.97,4.104403,4.134591,4.163064,-0.11044,0.089227,0.28733,0.317229,0.319331,0.321473,0.323389,0.324891,0.011502,0.017786,0.124731,0.224475,0.346394,1,-7.957424,0.129399,-0.166607,7.958476,-0.006295562,0.113123,0.13491,0.077137,0.000000143,0.057773,2.688228,0.514914
Gaia DR3 6860869651574027648,1,9,307.388438,307.388438,-18.22005316,-18.22005316,2.381899,0.169605,305.2273882,0.764117706,3.461731731,6.716596201,1.776003772,0.016859898,0.010963234,0.019136207,0.020418376,0.01381638,-14.292047,3.807645,2016,8261.8,147.88402,15.271997,0.000031,1.426248,1.540292,1.648221,7833.9,8162.7,8577.76,4.250007,4.298474,4.325187,-0.514929,-0.282775,-0.092779,0.282492,0.283506,0.284646,0.289104,0.291119,0.05191,0.146121,0.299234,0.421002,0.588775,1,-7.978313,0.110199,-0.140481,7.979075,0.002744556,0.272241,0.324293,0.185123,0.0000215,0.13917,2.678404,0.505329
Gaia DR3 6475174441563986304,1,10,306.0491988,306.0491988,-51.72367967,-51.72367967,1.41797,0.318728,295.2829857,-31.40150503,2.878349195,15.01114975,1.450732544,0.048114188,0.03861928,0.06503882,0.050665103,0.053749803,,,2016,7388.8364,,,0.000067,1.589577,1.932718,2.098,7423.6,7530.09,8129.38,3.811727,3.88264,3.943387,-0.523279,0.080049,0.386242,0.331065,0.337431,0.34392,0.349886,0.361106,-0.03197,-0.03056,0.08237,0.319536,0.410901,1,-7.925802,-0.063109,-0.197773,7.926054,-0.000844,0.074387,0.088881,0.050892,0.0000696,0.037989,2.58697,0.501131
Gaia DR3 6422751440841970688,1,11,305.6521782,305.6521782,-70.18344995,-70.18344995,1.908496,0.07838,287.4930737,-48.90111633,0.835608831,11.63405633,-3.46041133,0.009389541,0.012556505,0.015204585,0.012034402,0.01543237,,,2016,9019.99707,,,0.000054,1.685531,1.799006,1.893915,8439.61,8811.11,9671.17,4.213274,4.272796,4.32741,-0.403822,-0.209034,-0.000762,1.090756,1.106198,1.143947,1.173044,1.197338,0.000208,0.096865,0.185782,0.376379,0.431068,1,-7.416458,-0.552043,-0.624441,7.436975,-0.011704922,0.172099,0.203303,0.115474,0.00000014,0.087829,2.553139,0.493744
Gaia DR3 6430985408544678656,1,12,304.3074075,304.3074075,-61.57396995,-61.57396995,2.885473,0.559936,290.6856981,-40.57588138,1.52857806,7.632953319,-5.881306373,0.029118029,0.026244299,0.043580338,0.028982773,0.028875913,-20.71678543,1.439591527,2016,6731.441406,,,0.000043,1.161788,1.317761,1.416025,6263.9,6506.18,6844.54,3.989336,4.044596,4.077105,-0.456363,-0.09743,-0.039556,0.582659,0.597383,0.625809,0.671534,0.681672,-0.058405,-0.051126,0.102129,0.299996,0.490176,1,-7.728002,-0.218682,-0.347899,7.731096,-0.000756,0.089898,0.108695,0.062711,0.000000071,0.045984,2.545061,0.491847
Gaia DR3 6361864751800095232,1,13,303.485315,303.485315,-78.87850574,-78.87850574,2.26291,0.355439,281.1911299,-56.74722138,3.453103285,19.96046103,-21.95090323,0.010159016,0.011892497,0.013906831,0.012414842,0.015780462,,,2016,7298.835938,,,0.000132,1.582655,1.739318,1.780981,7493.42,7749.44,8014.08,4.192205,4.22407,4.243829,-0.125803,0.207544,0.308052,0.283553,0.286524,0.287466,0.289264,0.291254,0.130815,0.229539,0.351759,0.451027,0.485319,1,-8.024812,-0.175011,-0.146002,8.02672,-0.009666204,0.316485,0.378946,0.216999,0.000000179,0.161947,2.518429,0.480394
Gaia DR3 2086473637560331264,1,14,298.5716,298.5716,47.96392795,47.96392795,2.504796,0.236783,322.6848472,66.2554911,1.376204114,2.040880573,-2.861816772,0.009405113,0.01218739,0.011623607,0.012699943,0.014033564,-14.68373203,10.18774414,2016,8003.980469,28.77322388,184.1126404,0.000016,1.40489,1.466991,1.58834,7651.51,8009.95,8204.1,4.252612,4.284083,4.322527,-0.502907,-0.242541,-0.091252,0.683478,0.691868,0.700085,0.712165,0.715349,0.100911,0.113788,0.245414,0.351617,0.468368,1,-8.104299,0.682316,0.124117,8.132971,-0.007993817,0.222903,0.265703,0.151783,0.000000121,0.11392,2.506163,0.474245
Gaia DR3 2078414908830476416,1,15,298.0749436,298.0749436,42.02053076,42.02053076,1.765366,0.158848,316.2132045,61.03293338,0.542521884,-4.893932249,-3.986807512,0.009880055,0.010738548,0.011694982,0.01364026,0.013518166,,,2016,8147.9375,,,0.000028,1.687594,1.844021,2.071642,7900.58,8330.19,9237.68,4.105946,4.161064,4.238111,-0.321715,-0.003121,0.289903,1.609038,1.628265,1.675074,1.748306,1.787928,0.566836,0.707015,0.853188,1.112644,1.278899,1,-7.815629,1.615382,0.220622,7.980822,-0.005891085,0.765032,0.918127,0.525311,0.000000206,0.392816,2.504796,0.473944
Gaia DR3 2073649762877445504,1,16,297.1114288,297.1114288,39.86610306,39.86610306,0.41088,0.076156,313.2482409,59.30159922,2.116963089,0.986292874,-4.642474186,0.01087286,0.012598192,0.013815539,0.014655467,0.015051234,,,2016,8135.758,,,0.000021,2.003637,2.114107,2.506882,8068.97,8527.02,9135.25,3.692033,3.711343,3.834844,-0.512802,-0.237212,0.12754,0.457176,0.457467,0.465544,0.466556,0.472975,0.014233,0.260932,0.413577,0.564791,0.606283,1,-8.075509,0.444854,0.05778,8.087752,-0.000762,0.377883,0.449338,0.25607,0.0000578,0.193268,2.465316,0.471911
Gaia DR3 2086580535008581632,1,17,296.6217233,296.6217233,47.63056152,47.63056152,1.574696,0.367021,319.3956066,66.56265962,1.073902014,2.240665842,-1.487166425,0.022837056,0.021916496,0.02438573,0.030914886,0.026747713,2.67516923,3.757947922,2016,,35.76724625,28.10219765,0.000012,1.860351,1.92793,1.984054,7455.9,7655.97,7917.72,3.954272,3.981266,3.989,0.080576,0.192383,0.387537,0.838042,0.856603,0.870783,0.906773,0.948667,0.035562,0.051314,0.12178,0.236375,0.340131,1,-8.067486,0.843863,0.169111,8.1115,0.005431414,0.110159,0.131532,0.075265,0.00000018,0.056267,2.458177,0.457022
Gaia DR3 2134831743800134656,1,18,295.1362813,295.1362813,49.27320798,49.27320798,2.127192,0.271668,319.0518474,68.47350775,0.80146324,-8.786476446,-18.02929966,0.011075607,0.011533153,0.011958082,0.015437549,0.015035279,,,2016,7570.593,,,0.000089,1.534049,1.62618,1.724024,7425.95,7769.6,8263.46,4.120197,4.150302,4.177932,-0.323763,-0.126632,0.094199,1.143253,1.151314,1.196974,1.205944,1.237849,-0.003316,0.140965,0.283059,0.506976,0.574706,1,-8.039562,1.156002,0.265831,8.122248,-0.006428242,0.255367,0.305355,0.174762,0.0000989,0.130593,2.406042,0.449932
Gaia DR3 6684888176981899264,1,19,295.0325472,295.0325472,-44.33592963,-44.33592963,2.109881,0.221064,289.1286566,-22.54495968,0.674961286,-0.797557024,-1.658694483,0.012678623,0.010786218,0.01574031,0.0160681,0.011614706,,,2016,8298.196,,,0.000008,1.457186,1.557575,1.806179,7726.21,7983.71,8467.9,4.129096,4.158038,4.244139,-0.530712,-0.309985,0.112814,1.304737,1.346709,1.409286,1.43477,1.461925,-0.034678,0.090982,0.212343,0.370217,0.495853,1,-6.949154,-0.118687,-0.638267,6.950168,-0.01306355,0.192962,0.229949,0.131355,0.0000935,0.098594,2.403373,0.442668
Gaia DR3 6752277588245937280,1,20,294.8350105,294.8350105,-29.74298502,-29.74298502,1.888852,0.375458,291.6166236,-8.148453666,2.972287967,-14.03480896,-17.50209538,0.020841943,0.018218704,0.02608436,0.02530931,0.018664889,,,2016,7248.0176,,,0.0001,1.443808,1.699,1.721003,7105.64,7333.31,7592.77,3.890106,3.971,3.987849,-0.624817,-0.029847,0.07863,0.325909,0.328417,0.333666,0.33581,0.338624,0.177256,0.326377,0.390136,0.52165,0.566363,1,-7.896944,0.053424,-0.128981,7.897125,-0.003508687,0.347181,0.417824,0.240008,0.0000549,0.177816,2.381899,0.437237
Gaia DR3 2128923414988409216,1,21,292.8602919,292.8602919,48.50097352,48.50097352,1.977875,0.491847,314.4658309,68.43974199,0.732127316,8.959228766,4.531109339,0.010526641,0.010749964,0.011627042,0.013670914,0.013843354,,,2016,7071.7886,,,0.000045,1.570233,1.578955,1.619147,6496.47,6634.85,7126.48,3.826144,3.877,3.917,-0.164925,-0.056212,-0.029422,1.243044,1.257173,1.326008,1.333541,1.341914,-0.131643,-0.08117,0.072509,0.256016,0.331887,1,-7.9921,1.270649,0.317056,8.092479,-0.005385399,0.064093,0.077341,0.044571,0.000105,0.03277,2.372011,0.428137
Gaia DR3 2129738565420917248,1,22,291.5731126,291.5731126,49.09770032,49.09770032,2.007756,0.437237,313.0184908,69.33598747,1.231625853,-4.81181865,-10.03809845,0.02011798,0.02037974,0.02182525,0.029727826,0.02765568,-30.42402,7.0966015,2016,7032.242,,,0.000049,1.461683,1.546854,1.740552,6797.44,6914.14,7231.54,3.847864,3.925,3.952,-0.535608,0.065615,0.277752,0.739772,0.755597,0.788786,0.808085,0.815638,-0.052703,0.084806,0.170757,0.291895,0.308507,1,-8.07937,0.752822,0.202215,8.114368,-0.002583146,0.151504,0.182527,0.105031,0.0000717,0.077496,2.364781,0.406111
Gaia DR3 2127848504932891776,1,23,290.3701499,290.3701499,47.18139111,47.18139111,2.819553,0.568687,308.936351,67.88574191,1.36250064,-1.591976238,-7.338589865,0.009093092,0.009474128,0.010038172,0.013478635,0.013513733,-11.445915,38.492214,2016,6206.935,11.273881,83.678406,0.000033,1.084743,1.356474,1.453302,6454.9,6630.13,7104.17,3.981231,4.092213,4.143872,-0.553476,-0.330458,0.071748,0.706915,0.71178,0.717407,0.726041,0.73684,0.024448,0.034679,0.185161,0.434241,0.534831,1,-8.06466,0.680282,0.183226,8.093302,-0.006086946,0.163058,0.197134,0.113682,0.0000518,0.083452,2.361751,0.39252
Gaia DR3 6713091577946724864,1,24,289.3887756,289.3887756,-42.7021759,-42.7021759,2.58697,0.199502,285.0745607,-20.27225117,2.430430026,-47.82953865,-20.86335939,0.016372195,0.016073432,0.018507386,0.019095417,0.018283695,51.077595,5.6906333,2016,7822.084,,,0.000232,1.262725,1.331,1.40041,7293.12,7471.34,7684.22,4.126597,4.148627,4.19,-0.643246,-0.531705,-0.42902,0.39821,0.401475,0.405953,0.406598,0.413369,0.075779,0.164518,0.273191,0.386866,0.587578,1,-7.826434,-0.031538,-0.15573,7.826497,0.054558396,0.244837,0.29365,0.168401,0.0000401,0.125249,2.360844,0.3896
Gaia DR3 6763969142066777344,1,25,286.7907373,286.7907373,-26.331827,-26.331827,0.85875,0.294735,285.0382229,-3.764872436,2.541137118,-2.063395233,-4.425023672,0.016679777,0.014404496,0.018594755,0.019413132,0.015467653,,,2016,7323.540039,,,0.000022,1.927059,2.123822,2.173016,7268.61,7846.93,8109.61,3.725,3.764574,3.796,-0.316078,-0.014437,0.28842,0.379981,0.383551,0.386332,0.389402,0.395183,0.030092,0.124274,0.362701,0.451952,0.473371,1,-7.833046,0.06887,-0.099266,7.833349,-0.005873799,0.326944,0.391139,0.223846,0.000000207,0.167293,2.298963,0.38068
Gaia DR3 2106134455951549824,1,26,286.6148257,286.6148257,44.84258033,44.84258033,1.75418,0.348534,300.5955168,66.52583545,2.060928803,4.145943955,-8.820672201,0.008903139,0.010339613,0.010196747,0.01146049,0.012660253,10.546614,1.0225128,2016,7460.5283,18.998981,7.231109,0.000043,1.848714,1.902673,2.03108,7639.85,7835.25,8217.48,4.071071,4.093473,4.124895,0.083535,0.294082,0.398977,0.474311,0.475247,0.478139,0.483786,0.484461,-0.020554,-0.010174,0.049833,0.230132,0.286391,1,-8.0847,0.444266,0.13398,8.096897,-0.012921929,0.045373,0.054009,0.030853,0.000122,0.023156,2.291585,0.375458
Gaia DR3 6365446995043977472,1,27,286.5642912,286.5642912,-77.04561705,-77.04561705,1.886769,0.228953,276.2369305,-53.96521685,3.092455468,-8.119002333,-5.130837884,0.020380117,0.024093278,0.02868775,0.024622427,0.03055384,,,2016,,,,0.000043,1.5325,1.622443,1.860083,7373.48,7941.17,8155.98,4.020303,4.086258,4.145698,-0.334599,-0.0291,0.289305,0.311918,0.314191,0.316973,0.322617,0.326417,0.007865,0.130892,0.434583,0.532556,0.630379,1,-7.992164,-0.190441,-0.144942,7.994432,-0.002896428,0.391657,0.468653,0.268152,0.0000315,0.200501,2.276101,0.37273
Gaia DR3 2130705448456872576,1,28,286.3607795,286.3607795,47.26340627,47.26340627,1.090128,0.313916,302.0557477,68.88919607,1.377623924,-3.378400656,-3.273737453,0.017046718,0.018660165,0.019408481,0.025147012,0.025723126,,,2016,7453.516,,,0.000021,1.766401,1.795782,2.004,7099.05,7389.82,7444.84,3.65,3.690116,3.764348,-0.425001,-0.320261,0.082013,0.692664,0.693418,0.709862,0.721801,0.737094,-0.05883,0.029365,0.196989,0.226345,0.420592,1,-8.055983,0.662123,0.211557,8.083147,-0.003705978,0.176643,0.211783,0.121468,0.000038,0.090315,2.270417,0.367021
Gaia DR3 2105513060085129600,1,29,286.3334873,286.3334873,42.54392533,42.54392533,2.465316,0.501131,298.6192375,64.36896639,0.7164441,-1.566347211,-3.58747422,0.008407408,0.009605001,0.009896683,0.011070083,0.012210763,,,2016,7029.7256,,,0.000017,1.417641,1.495642,1.619927,6618.92,6801.7,7170.91,3.983155,4.015246,4.057561,-0.448241,0.067763,0.092586,1.282774,1.30151,1.320448,1.354381,1.371555,0.003597,0.021447,0.103219,0.315326,0.442661,1,-7.831564,1.217399,0.354649,7.92562,-0.006556034,0.091528,0.110289,0.063491,0.000132,0.046798,2.263384,0.3588
Gaia DR3 6731745273754361216,1,30,285.3638974,285.3651464,-34.50256776,-34.50688968,2.458177,0.894731,282.8862506,-11.74803711,8.170836425,3.983715776,19.35342126,0.114656806,0.10252094,0.11786184,0.13770573,0.109727725,,,2016,,,,0.004504,0.836446,0.864336,0.909207,5318.58,5363.88,5514.07,3.289953,3.329808,3.729089,-1.338084,-1.009018,-0.623228,3.907017,4.664612,6.887536,7.251809,11.382185,0.111478,0.117387,0.162684,0.298373,0.422619,0.999023,-1.614487,0.262985,-2.000004,1.635766,0.00398159,0.13871,0.170257,0.099131,15.99403445,0.071126,2.26291,0.356288
Gaia DR3 2116863318617538944,1,31,281.05116,281.05116,43.29775324,43.29775324,1.886874,0.143338,290.0350254,65.97015094,1.226434951,-1.917781099,0.326931995,0.016309643,0.016969388,0.017935144,0.02293715,0.020860039,-47.386585,0.83135366,2016,8455.94,,,0.000009,1.568313,1.596021,1.86559,7781.05,8212.81,8931.81,4.10399,4.137123,4.230007,-0.432676,-0.216283,-0.015661,0.753904,0.765508,0.791038,0.795621,0.810334,-0.025787,-0.019199,0.1714,0.378856,0.4371,1,-7.975001,0.711103,0.263533,8.006642,0.000295,0.156776,0.186262,0.106207,0.000116,0.080055,2.262717,0.355439
Gaia DR3 4037543655114296576,1,32,273.1076292,273.1076292,-37.75263218,-37.75263218,2.158386,0.3588,272.5357046,-14.34070121,7.167229339,-2.767033631,-12.78521563,0.023901062,0.023036683,0.033736415,0.025309183,0.021881741,,,2016,,,,0.000058,1.642982,1.722688,1.860181,7450.09,7660.2,7969.92,4.13239,4.171484,4.211318,-0.028395,0.197267,0.389337,0.137032,0.137314,0.139748,0.14037,0.140774,-0.037835,-0.027465,0.042007,0.186167,0.275903,1,-8.062564,-0.011875,-0.022358,8.062572,-0.005472183,0.038103,0.045433,0.025984,0.00000024,0.019449,2.211955,0.355245
Gaia DR3 4604875029228187264,1,33,269.6842221,269.6842221,34.97606873,34.97606873,1.933132,0.154605,269.5060101,58.41480811,0.775888547,3.587520502,-1.562632002,0.009162278,0.011514677,0.012055951,0.012402067,0.014211703,,,2016,9834.819,,,0.000017,1.415614,1.472046,1.609955,7273.7,7812.68,8279.56,3.979122,4.034075,4.077,-0.715247,-0.582976,-0.229501,1.16836,1.191201,1.222077,1.25496,1.261824,0.099048,0.10499,0.362992,0.519873,0.609073,1,-7.66403,0.965989,0.522564,7.724667,-0.003666163,0.326946,0.391283,0.223982,0.0000566,0.167301,2.19825,0.348534
Gaia DR3 4603959788878135040,1,34,269.360357,269.360357,32.42320596,32.42320596,1.347181,0.019164,269.03792,55.86035069,1.104446749,2.536720005,-5.120725083,0.016087811,0.018297922,0.02043073,0.022510603,0.023575168,2.1012282,3.4406037,2016,,15.987369,28.585253,0.000025,1.579357,1.681276,1.689678,7536.19,8158.21,8234.63,3.890846,3.916405,3.92,-0.522181,-0.519234,-0.433789,0.855718,0.861626,0.887518,0.892032,0.901634,0.219392,0.241409,0.532398,0.54414,0.549583,1,-7.775472,0.684556,0.372623,7.805548,-0.00499332,0.480613,0.574742,0.328572,0.0000842,0.24617,2.185573,0.344969
Gaia DR3 5809725265425979776,1,35,268.0105716,268.0105716,-71.69022101,-71.69022101,2.155254,0.299011,269.0614307,-48.25742167,3.714195477,-0.59196191,-17.51267176,0.008632532,0.010868591,0.014021129,0.011106239,0.013714748,21.07386398,0.338059336,2016,7625.258789,17.56309891,5.238173008,0.000078,1.681885,1.752969,1.809652,7825.83,8040.9,8182.54,4.207343,4.240838,4.260154,-0.017479,0.094182,0.213727,0.26455,0.265353,0.267335,0.26833,0.269375,-0.036193,-0.023344,0.048861,0.129861,0.209459,1,-8.003732,-0.153688,-0.096574,8.005207,-0.007651329,0.0447,0.053093,0.030286,6.05E-08,0.022807,2.158386,0.336373
Gaia DR3 5945283676068152704,1,36,267.1231015,267.1231015,-51.91737304,-51.91737304,2.107569,0.406111,267.9813256,-28.49824965,2.477782519,-5.111274271,-0.247010307,0.01407963,0.012473693,0.018427914,0.016948676,0.013723423,,,2016,7664.748047,,,0.000023,1.546924,1.636886,1.851522,7176.67,7271.96,7746.01,4.013805,4.061848,4.120928,-0.134495,0.073299,0.370237,0.389392,0.392095,0.399078,0.402099,0.405078,-0.016663,0.106252,0.178329,0.414456,0.516883,1,-7.832612,-0.131392,-0.08382,7.833715,-0.005637169,0.15956,0.191489,0.109908,0.000000158,0.081581,2.155254,0.335075
Gaia DR3 5916002581902520064,1,37,257.6186412,257.6186412,-58.00499263,-58.00499263,2.771185,0.480394,262.0370161,-34.90747551,6.731937641,-21.08869162,-34.79746697,0.014729735,0.011763943,0.019054824,0.015406823,0.013607152,-5.6022186,0.43766195,2016,6787.761,55.971577,3.6572511,0.000181,1.315337,1.445721,1.587052,7032.2,7067.9,7444.02,4.157661,4.195753,4.260975,-0.332126,-0.018675,0.197551,0.147057,0.147631,0.148343,0.148724,0.148841,0.052082,0.06222,0.094184,0.303722,0.362405,1,-8.07115,-0.068154,-0.027538,8.071438,-0.004362702,0.084088,0.101004,0.05803,0.0000265,0.042974,2.154593,0.325845
Gaia DR3 5929795130680852608,1,38,253.2441663,253.2441663,-54.16279076,-54.16279076,1.892362,0.505329,258.5963372,-31.38484258,4.45736226,-6.357472811,-19.8299653,0.012681678,0.009172644,0.01587857,0.016770856,0.013110064,1.6148572,0.50207365,2016,,18.518478,8.2033,0.000093,1.470071,1.594433,1.845388,6660.4,6884.95,7360.76,3.806,3.842,3.897093,-0.438414,-0.429621,0.384174,0.220618,0.221608,0.222042,0.223935,0.224803,0.044562,0.185013,0.278184,0.546996,0.606656,1,-8.002123,-0.097606,-0.024904,8.002719,-0.001083732,0.245787,0.296735,0.170888,0.0000822,0.125847,2.127192,0.324641
Gaia DR3 5937968144203126016,1,39,251.0477054,251.0477054,-48.65510786,-48.65510786,2.403373,0.471911,256.1752702,-26.1213649,3.649485482,-0.361806812,-17.09597511,0.016321622,0.010775466,0.018871352,0.021018155,0.014440571,,,2016,7077.136,,,0.000076,1.323401,1.590647,1.612847,6829.77,6970.67,7203.1,3.999899,4.08001,4.09276,-0.437429,0.168771,0.274311,0.268372,0.269548,0.271685,0.272945,0.276076,0.111772,0.129417,0.23987,0.293393,0.441493,1,-7.949855,-0.105654,-0.008808,7.950557,-0.002871752,0.212642,0.256311,0.147485,0.0000565,0.108826,2.115408,0.321784
Gaia DR3 4339177971358491264,1,40,250.0124267,250.0124267,-7.624859392,-7.624859392,2.270417,0.355245,249.5254851,14.40503036,1.379605386,-9.115204069,-5.537401507,0.011186037,0.006186667,0.013834501,0.016930167,0.011488989,-14.609753,4.2369533,2016,,5.4523463,11.9947195,0.000047,1.391539,1.619043,1.835378,6920.69,7384.66,8582.67,4.061858,4.117876,4.231386,-0.43414,-0.030635,0.088881,0.692658,0.702169,0.705629,0.718362,0.727008,0.47611,0.502557,0.808772,1.290569,1.521028,1,-7.567502,0.104309,0.294923,7.568221,-0.004684806,0.710893,0.860947,0.495547,0.000169,0.3654,2.110322,0.320996
Gaia DR3 4325705109925554432,1,41,247.4144533,247.4144533,-14.58506265,-14.58506265,1.465229,0.205681,248.0006921,7.145956352,4.420400247,-6.058660329,-1.367710612,0.015432424,0.008329264,0.018469911,0.020198893,0.013732221,,,2016,6972.600098,,,0.000028,1.714042,2.003938,2.597509,7568.29,8474.31,11373.79,3.991491,4.092391,4.303458,-0.21018,-0.012017,0.12092,0.221327,0.222726,0.224105,0.225648,0.227155,0.479223,0.616366,0.920274,1.442145,1.528017,1,-7.993219,0.005765,0.086206,7.993221,-0.002421141,0.825958,0.990925,0.566673,0.000000142,0.424252,2.109881,0.318728
Gaia DR3 6052146929146448000,1,42,246.350426,246.350426,-21.68863328,-21.68863328,3.278831,0.67326,248.1151091,-0.028192069,7.330633352,-5.533566041,-22.97094713,0.016423417,0.009908259,0.018936371,0.023277003,0.017056353,,,2016,,,,0.000105,0.863077,0.875,1.037724,5908.8,5967.6,6145.7,3.865,3.870432,3.944,-0.992711,-0.863583,-0.472666,0.134513,0.134749,0.135376,0.13567,0.136967,-0.061803,0.077864,0.11929,0.213557,0.438969,1,-8.072381,-0.011048,0.043794,8.072389,0.010532618,0.103504,0.125994,0.072997,0.000000185,0.052997,2.107569,0.313916
Gaia DR3 6039918435708377472,1,43,240.4342035,240.4342035,-30.9158086,-30.9158086,1.624705,0.335075,244.537579,-10.05281145,3.145772366,-9.89893311,-5.511183206,0.094462544,0.06209838,0.11749113,0.13590805,0.08992695,,,2016,6794.151,,,0.00005,1.832674,1.928123,2.809811,7565.23,7976.05,12099.76,4.052351,4.09422,4.349358,-0.333194,0.004802,0.300644,0.276871,0.285237,0.297124,0.335755,0.358734,0.247975,0.257991,0.459732,1.189471,1.289789,1,-7.925581,-0.077553,0.083442,7.925961,-0.009382486,0.414307,0.495782,0.283651,0.000109,0.212131,2.095588,0.311457
Gaia DR3 6258378305082833408,1,44,232.3944414,232.3944414,-17.44090558,-17.44090558,2.077215,0.306345,234.3833312,1.47002099,12.61222587,-68.38701631,7.36374349,0.027030369,0.027802233,0.03339627,0.03504993,0.031382497,,,2016,7543.402832,,,0.000306,1.612164,1.749901,1.833331,7751.71,7981.38,8129.87,4.164103,4.202044,4.22502,-0.226736,0.184407,0.386422,0.07833,0.07849,0.078795,0.079321,0.079572,-0.016914,0.002295,0.10849,0.14699,0.202171,1,-8.13404,-0.013816,0.040829,8.134051,-0.005391479,0.098922,0.117684,0.067183,0.000000254,0.050501,2.094425,0.309302
Gaia DR3 6308692850516918656,1,45,227.2598116,227.2598116,-13.99957015,-13.99957015,2.506163,0.3896,228.7179787,3.526673439,10.86358887,-45.8582542,13.92794688,0.025494775,0.020306077,0.030130394,0.031596243,0.024251223,,,2016,7073.458008,,,0.000213,1.429887,1.441162,1.598523,7117.66,7303.81,7857.62,4.12582,4.136563,4.207499,-0.320987,-0.227029,0.073443,0.090855,0.091322,0.091362,0.09219,0.092568,-0.009734,0.07304,0.121978,0.416559,0.583897,1,-8.129138,-0.017275,0.05502,8.129156,0.000197,0.109424,0.131154,0.075236,0.000000201,0.055918,2.077215,0.306345
Gaia DR3 5881666139496387328,1,46,225.015989,225.015989,-55.05010292,-55.05010292,2.276101,0.284361,239.8714285,-36.21688773,5.764200395,-31.22828443,-20.19143471,0.011790902,0.012783083,0.017432557,0.01552779,0.017622903,,,2016,,,,0.000165,1.426019,1.644001,1.742202,7675.09,7914.65,8316.23,4.178012,4.232558,4.265945,-0.527559,-0.01452,0.189588,0.171179,0.171819,0.172535,0.173388,0.174015,0.114704,0.185606,0.289546,0.478424,0.571004,1,-8.066681,-0.109063,0.009986,8.067418,-0.004177451,0.262036,0.312886,0.178901,0.000016,0.133985,2.048261,0.304959
Gaia DR3 1286927649634994432,1,47,217.706715,217.706715,31.79854506,31.79854506,2.518429,0.344969,201.6809105,43.6479204,1.634589528,-25.1068324,-18.07720894,0.014864631,0.015823113,0.022149224,0.02311999,0.021770185,-32.37184143,2.289281845,2016,,23.73253632,46.5931778,0.000138,1.395799,1.440754,1.639901,7230.07,7454.71,7906.8,4.153151,4.178359,4.258978,-0.35361,-0.219466,0.185628,0.574499,0.587802,0.592846,0.603701,0.610586,-0.073813,-0.068168,0.041355,0.26066,0.491532,1,-8.060101,0.173467,0.549366,8.061967,-0.003741264,0.037331,0.044611,0.025551,7.93E-08,0.01906,2.035903,0.302377
Gaia DR3 3672179278390964352,1,48,211.2036092,211.2036092,5.41431163,5.41431163,2.678404,0.514914,207.0964798,16.96168607,7.856308203,-66.70268319,3.880850236,0.023481345,0.017750263,0.026724854,0.027603965,0.020780154,-31.71644974,0.183323964,2016,6678.616699,9.139043808,2.180816889,0.000297,1.265,1.427447,1.499336,6632.85,6737.05,6987.15,3.986468,4.070745,4.100379,-0.459987,-0.069453,-0.028185,0.125343,0.125709,0.127028,0.127971,0.128212,-0.044239,-0.024289,0.025202,0.210853,0.229736,1,-8.142638,-0.015349,0.112295,8.142653,0.004143715,0.022368,0.026939,0.015509,8.28E-08,0.01143,2.007756,0.300418
Gaia DR3 6176259561169255424,1,49,205.3326625,205.3326625,-28.78333833,-28.78333833,2.291585,0.449932,214.0630627,-17.01349317,3.11175808,10.08240566,-14.04349067,0.017695826,0.019268135,0.022830565,0.024791507,0.029358406,37.680492,1.387577,2016,7057.989,,,0.000077,1.436751,1.555825,1.694271,6751.93,7014.53,7407.24,3.973614,4.027308,4.095474,-0.326603,-0.021941,0.284945,0.313542,0.315908,0.317543,0.323354,0.328995,-0.056623,0.029797,0.16231,0.353039,0.559377,1,-8.008209,-0.185532,0.172128,8.010358,-0.002326608,0.144403,0.173751,0.099903,0.0000431,0.073848,1.977875,0.299011
Gaia DR3 3507882897984968320,1,50,200.4427004,200.4427004,-18.74216549,-18.74216549,1.082977,0.271711,205.9209125,-9.394502458,7.195896106,-53.09587192,-14.51674543,0.05858523,0.04564605,0.08468949,0.07701034,0.05671055,,,2016,7592.402,,,0.000245,1.740554,1.8228,2.135,7366.97,7675.11,8247.93,3.727466,3.77816,3.818763,-0.516833,-0.322099,0.22541,0.133713,0.135831,0.136792,0.138959,0.146185,0.087052,0.127838,0.243544,0.491327,0.50786,1,-8.132556,-0.072681,0.094238,8.13288,0.001684904,0.219523,0.262586,0.150346,0.0000145,0.11224,1.969553,0.294735
Gaia DR3 3512153298068184448,1,51,195.9120393,195.9120393,-16.33670537,-16.33670537,3.825913,0.633547,200.9468788,-8.825096948,18.48933075,-108.3672374,-29.29915326,0.02354237,0.016740032,0.026895624,0.034291983,0.021449566,1.3477186,0.14138606,2016,6064.163,10.713068,0.8183608,0.000499,0.988938,1.025317,1.142489,6232.22,6338.67,6508.44,4.266922,4.278211,4.336472,-0.510295,-0.381056,-0.134877,0.053708,0.053788,0.053974,0.054097,0.054242,-0.003064,0.075581,0.143257,0.242592,0.264525,1,-8.177518,-0.029636,0.039109,8.177571,0.00244534,0.125401,0.152024,0.087839,0.000102,0.064185,1.945185,0.284361
Gaia DR3 3468304804416637568,1,52,185.5551313,185.5551313,-33.32211958,-33.32211958,2.866597,0.577909,199.3910149,-28.1537324,6.435440321,-44.71069458,-6.222099306,0.04193739,0.025779251,0.048991818,0.058252715,0.044215437,,,2016,,,,0.000201,1.128,1.228,1.301463,6301.01,6406.53,6749.94,3.93,3.97,4.002,-0.73886,-0.248721,-0.148166,0.15086,0.151405,0.154379,0.157256,0.157676,0.006106,0.01037,0.074109,0.260194,0.298759,1,-8.141014,-0.121235,0.075204,8.141916,0.12056029,0.065129,0.078803,0.045492,0.0000993,0.033311,1.937967,0.271711
Gaia DR3 3577502977823182464,1,53,183.8674488,183.8674488,-11.41149973,-11.41149973,2.035903,0.063475,188.1098519,-8.930043652,2.120033681,15.55340247,-3.740542402,0.025667945,0.023357831,0.0330026,0.032943569,0.031251073,3.199278116,0.913440943,2016,9195.131836,27.82056046,7.498235703,0.000071,1.533184,1.690513,1.831966,8429.01,8868.07,9307.33,4.246067,4.313238,4.342434,-0.603474,-0.30386,-0.090915,0.448268,0.456295,0.463571,0.479559,0.488821,-0.021023,0.026869,0.169397,0.282067,0.337761,1,-8.103973,-0.278895,0.357624,8.108771,-0.005388975,0.1572,0.18555,0.10534,0.000000107,0.08021,1.933132,0.271668
Gaia DR3 5372587514128271232,1,54,174.4040348,174.4040348,-46.70953633,-46.70953633,2.545061,0.626589,198.4888533,-43.98103383,9.14957208,-46.67342483,34.19284383,0.01226177,0.013829752,0.021304036,0.01518116,0.01790401,,,2016,6131.1523,,,0.000257,1.5,1.542876,1.573,6546.36,6653.39,6938.35,4.029,4.051061,4.068555,0.06835,0.172405,0.284668,0.108092,0.108569,0.10916,0.109465,0.109564,0.050431,0.141425,0.226521,0.364635,0.407198,1,-8.163843,-0.099407,0.026959,8.164449,-0.007383108,0.199331,0.241086,0.139036,0.0000383,0.10205,1.908496,0.266677
Gaia DR3 3971288252651931648,1,55,167.7245517,167.7245517,17.06312296,17.06312296,2.406042,0.473944,162.0176007,10.85726757,4.377298227,-21.83714546,-17.98350433,0.016826477,0.013856009,0.017427547,0.020204475,0.015195221,,,2016,6549.417,,,0.000126,1.42791,1.46,1.547143,6824.32,6851.73,7020.48,3.99793,4.005,4.035,-0.133014,-0.133014,-0.025413,0.224924,0.227122,0.227197,0.228747,0.228914,0.086856,0.17595,0.201632,0.280452,0.29731,1,-8.260942,-0.075609,0.205397,8.261289,0.00044,0.178446,0.215247,0.123937,0.000093,0.09131,1.892362,0.263379
Gaia DR3 3536192161305491200,1,56,166.391823,166.391823,-25.01922181,-25.01922181,1.545419,0.321784,178.2192749,-28.21821949,2.862788949,-5.218652553,3.245255064,0.016143575,0.017169049,0.021852974,0.020747134,0.023016108,,,2016,7564.768,,,0.000027,1.826156,1.987052,2.044684,7693.71,7997.86,8116.76,4.005345,4.038072,4.056087,-0.010969,0.282425,0.29942,0.336047,0.337717,0.345006,0.351739,0.354698,0.1218,0.21686,0.291017,0.379109,0.50361,1,-8.176976,-0.291851,0.182543,8.182182,-0.007534981,0.263853,0.314792,0.17989,0.000134,0.134902,1.888852,0.252309
Gaia DR3 5391215302686287744,1,57,160.0357211,160.0357211,-43.08072715,-43.08072715,1.700979,0.311457,183.5750321,-46.54076949,3.728879819,-12.4300635,-6.429930878,0.009341149,0.011337575,0.015196356,0.011995488,0.014274353,,,2016,7589.4224,,,0.000062,1.753748,1.921392,2.04476,7845.67,7954.64,8394.39,4.061544,4.089548,4.139532,-0.13582,0.282833,0.384281,0.261794,0.263162,0.266627,0.26746,0.26838,0.047338,0.060267,0.08363,0.245609,0.313565,1,-8.159919,-0.256054,0.062606,8.163936,-0.008236051,0.07627,0.090724,0.051794,0.0000466,0.03893,1.886874,0.245826
Gaia DR3 5406768753667504512,1,58,152.8076488,152.8076488,-49.67628319,-49.67628319,1.688862,0.216629,183.1774983,-54.79721886,2.573586456,0.056056241,6.138815384,0.011038463,0.012061286,0.014621306,0.014870072,0.01427354,,,2016,,,,0.000027,1.7484,1.764744,1.968765,7962.8,8061.85,8423.94,4.055479,4.066017,4.132468,-0.134392,-0.028963,0.197851,0.37967,0.380946,0.386208,0.387592,0.390056,0.01607,0.075049,0.121719,0.252803,0.425893,1,-8.145091,-0.380587,0.035995,8.153977,-0.004714251,0.111138,0.132136,0.075398,0.000000156,0.056738,1.886769,0.243186
Gaia DR3 5257642094689491072,1,59,148.7224866,148.7224866,-58.69586468,-58.69586468,2.211955,0.263379,191.7506528,-63.02692116,4.14659157,-12.84315919,16.14079174,0.011419212,0.011110411,0.013382552,0.015382663,0.014108096,,,2016,7551.851074,,,0.000092,1.588568,1.661687,1.778116,7549.34,7819.69,8376.06,4.161439,4.199511,4.237183,-0.314262,-0.014802,0.193184,0.237118,0.237932,0.238962,0.240782,0.241738,0.13792,0.165597,0.262166,0.482418,0.538747,1,-8.151693,-0.233622,-0.013796,8.155041,-0.001958847,0.236954,0.283091,0.161943,0.000000154,0.121148,1.87922,0.242701
Gaia DR3 5202593430105432320,1,60,147.2866692,147.2866692,-78.28189785,-78.28189785,-0.90786,-0.146381,239.3858081,-70.39375701,2.160059504,-14.68772009,8.477067133,0.023722552,0.02406245,0.025826283,0.030244192,0.028121036,,,2016,,,,0.000075,3.489557,3.784779,4.183197,12050.18,12465.21,14386.18,3.757645,3.795464,3.888596,-0.310622,-0.184857,0.224906,0.437002,0.445953,0.449998,0.462728,0.470311,0.280349,0.359221,0.375279,0.500863,0.586989,1,-8.025734,-0.389101,-0.143978,8.03516,0.011156201,0.370202,0.425552,0.236942,0.0000276,0.18861,1.869082,0.236783
Gaia DR3 5632782267915076736,1,61,145.3931492,145.3931492,-29.3736968,-29.3736968,1.532148,0.23636,160.1471213,-40.3081997,2.955729333,-24.71521203,6.696737771,0.010103568,0.01046171,0.015517804,0.016233731,0.011149295,,,2016,7623.224609,,,0.000114,1.677602,1.695666,2.01438,7873.09,7926.82,8578.73,3.954117,3.968741,4.060146,-0.413222,-0.320669,0.177374,0.329568,0.332103,0.335526,0.336136,0.338043,0.025276,0.229106,0.242758,0.480705,0.755432,1,-8.25221,-0.315716,0.100873,8.258246,-0.003619552,0.220093,0.262568,0.150075,0.000000155,0.112493,1.84074,0.23636
Gaia DR3 5410092611674819840,1,62,144.1058846,144.1058846,-48.75126167,-48.75126167,1.823827,0.231723,174.0583059,-57.51974654,14.00887961,-8.163841564,-18.85033644,0.023956474,0.023267731,0.028297136,0.030608317,0.030151647,,,2016,7618.288086,,,0.000091,1.547,1.547,1.671776,7659.49,7659.49,8020.44,3.974,3.978695,4.021625,-0.432922,-0.432922,-0.22489,0.070726,0.070846,0.071342,0.071358,0.071656,0.110469,0.140839,0.142532,0.316514,0.379544,1,-8.196044,-0.071163,0.003142,8.196353,-0.000727,0.128854,0.1539,0.088073,0.000000138,0.065827,1.823827,0.234519
Gaia DR3 5679637887211461376,1,63,139.6045313,139.6045313,-20.37136447,-20.37136447,2.115408,0.196527,149.5969075,-34.12769441,7.393013774,50.69178523,-40.96635372,0.02326172,0.017257577,0.030428393,0.02672128,0.019034572,,,2016,8081.050781,,,0.00029,1.623523,1.726514,1.794337,8232.77,8308.86,8786.31,4.234649,4.26991,4.299264,-0.230385,-0.113201,0.092135,0.133501,0.133992,0.13478,0.135367,0.136301,-0.031812,0.016032,0.046573,0.19538,0.264304,1,-8.243539,-0.119017,0.045881,8.244398,-0.005475164,0.042869,0.050777,0.028911,9.89E-08,0.021866,1.820855,0.231723
Gaia DR3 5704085627039332864,1,64,133.0074909,133.0074909,-20.22912008,-20.22912008,1.969553,0.300418,142.449823,-36.16981097,3.017580402,-5.154241226,-1.627795226,0.012561872,0.008592195,0.016817406,0.015369043,0.013352345,,,2016,,,,0.000024,1.609918,1.792998,1.900323,7598.26,7857.77,8141.86,4.086719,4.149877,4.179349,-0.238435,0.179745,0.377618,0.323586,0.325938,0.327158,0.331809,0.333279,0.190114,0.438964,0.543911,0.643049,0.743277,1,-8.329847,-0.287818,0.085632,8.334819,-0.004615665,0.487506,0.584904,0.335076,7.93E-08,0.249828,1.818072,0.228953
Gaia DR3 5525888228505606144,1,65,132.1787007,132.1787007,-39.23365599,-39.23365599,1.670991,0.245826,152.1277598,-53.96106182,9.050166744,-32.84817849,48.65501313,0.012112062,0.015046448,0.016960051,0.015227408,0.017282706,,,2016,7327.279785,,,0.000261,1.537042,1.685,1.699,7592.77,7785.74,7902.72,3.934,3.978,3.984,-0.624941,-0.22494,-0.118812,0.109243,0.109601,0.109713,0.109926,0.110731,0.018147,0.12625,0.246957,0.282428,0.323585,1,-8.2183,-0.108042,0.005394,8.21901,0.000844,0.223145,0.266621,0.152543,0.000000148,0.114078,1.772569,0.221064
Gaia DR3 5721586798437207296,1,66,123.6206064,123.6206064,-15.77539461,-15.77539461,2.154593,0.37273,130.3545132,-34.62442907,3.757779502,-21.08152872,4.118545711,0.013232015,0.012157038,0.018167904,0.018643592,0.016282769,,,2016,7111.6626,,,0.000095,1.595692,1.658643,1.731844,7300.15,7503.38,7675.43,4.088921,4.112538,4.133979,-0.116039,0.076414,0.278616,0.261016,0.261999,0.2649,0.266299,0.267356,-0.01931,0.118185,0.217445,0.286747,0.329331,1,-8.342822,-0.217966,0.047583,8.345669,-0.006541491,0.19538,0.234037,0.13414,0.0000373,0.099897,1.765366,0.216629
Gaia DR3 3152456109221642112,1,67,117.7975419,117.7975419,13.74173966,13.74173966,1.772569,0.141791,117.1624861,-7.114804057,4.232853347,-13.47120341,-2.284323432,0.019430144,0.012201178,0.020623947,0.021104285,0.01219038,,,2016,,,,0.000061,1.739948,1.823207,1.982095,8276.46,8502.35,9019.16,4.146675,4.195034,4.23688,-0.327397,-0.093573,0.197923,0.231568,0.23211,0.234294,0.236847,0.237947,-0.06718,0.0198,0.089463,0.218371,0.321365,1,-8.396948,-0.100424,0.077591,8.397549,-0.003463149,0.082584,0.097697,0.055569,0.0000164,0.042128,1.758236,0.209496
Gaia DR3 5288096299004888704,1,68,115.7395632,115.7395632,-63.70192928,-63.70192928,2.553139,0.309302,177.1607388,-78.89305221,4.545515181,4.097464778,17.45979634,0.081722774,0.075706854,0.082495973,0.148032248,0.100968674,22.91996765,1.104133844,2016,7337.105469,,,0.00008,1.426402,1.482996,1.585072,7271.12,7579.1,7989.91,4.207582,4.222108,4.26943,-0.509514,-0.13396,-0.005688,0.210056,0.212313,0.216703,0.218854,0.230063,-0.002169,0.012677,0.1557,0.337763,0.408299,1,-8.179252,-0.204191,-0.069539,8.1818,0.000844,0.140434,0.167912,0.096153,5.96E-08,0.071759,1.75418,0.207037
Gaia DR3 5537028063697055232,1,69,114.6136792,114.6136792,-39.69285639,-39.69285639,0.359615,-0.131542,129.5720804,-59.79598886,2.483241261,-6.892600191,5.378504421,0.020567048,0.024186961,0.024829904,0.029590685,0.0321852,,,2016,,,,0.000039,2.743287,2.935265,3.357105,11272.63,12189.49,13963.82,4.109623,4.174793,4.281414,-0.407398,-0.208566,0.197323,0.38648,0.391029,0.396734,0.405272,0.410626,0.057536,0.110778,0.190844,0.310021,0.373141,1,-8.31284,-0.375556,-0.060191,8.32132,0.007590056,0.188607,0.216559,0.120575,0.0000615,0.095984,1.736549,0.205681
Gaia DR3 5486011553099475200,1,70,112.7373538,112.7373538,-57.99106667,-57.99106667,1.758236,0.207037,151.503535,-76.51969072,4.077014406,-11.80822912,24.91759179,0.01286099,0.01396261,0.013609448,0.017172737,0.018237446,,,2016,7774.57666,,,0.000123,1.529106,1.824255,1.932475,7806.59,8035,8470.84,4.0171,4.097983,4.122518,-0.516999,-0.027386,0.286285,0.241586,0.242013,0.242919,0.24463,0.244969,0.061743,0.112274,0.200882,0.371671,0.498034,1,-8.201328,-0.231284,-0.074268,8.204589,-0.001859903,0.182828,0.217716,0.124315,0.0000001,0.093401,1.718596,0.199502
Gaia DR3 5491664348536447744,1,71,109.1759302,109.1759302,-53.43694852,-53.43694852,2.19825,0.474245,134.8455648,-73.89068433,4.01474116,-10.12525398,6.366767704,0.013335241,0.012960561,0.014153783,0.017003236,0.01500766,16.82529449,0.68313998,2016,7089.685059,15.5837698,3.973137856,0.000053,1.672486,1.754537,1.832885,7526.29,7618.03,7887.78,4.160786,4.192253,4.216895,-0.013437,0.293879,0.411185,0.245326,0.246293,0.248069,0.249222,0.249638,-0.003956,0.001128,0.013563,0.123585,0.250444,1,-8.222844,-0.234908,-0.076385,8.226199,-0.016821146,0.012302,0.014668,0.00839,0.000000189,0.006278,1.700979,0.196527
Gaia DR3 3051821005392580992,1,72,108.6087184,108.6087184,-7.577018847,-7.577018847,2.372011,0.302377,111.3440429,-29.64783479,4.757767361,-10.69954011,-3.87514914,0.01411994,0.013590005,0.01674561,0.01660271,0.014607145,,,2016,7907.997559,,,0.000051,1.477026,1.659224,1.715064,7721.64,7849.95,8322.38,4.203593,4.279122,4.290633,-0.330426,0.000604,0.10384,0.206895,0.208032,0.209012,0.210436,0.212091,-0.052099,-0.026592,0.027089,0.203621,0.317199,1,-8.354541,-0.140599,0.005905,8.355724,-0.0050596,0.024691,0.029375,0.016777,0.000000162,0.012598,1.699449,0.169605
Gaia DR3 3108688640134891648,1,73,105.1002449,105.1002449,-3.011192715,-3.011192715,-1.485063,-0.085556,106.7627603,-25.57602625,1.003367709,1.006059662,-1.349362503,0.026037604,0.027332298,0.032019611,0.030553566,0.027613956,6.857038021,3.650198936,2016,9999.313477,,,0.000007,3.742931,3.817822,4.174787,9982.84,10342.15,11872.16,3.418484,3.430455,3.577726,-0.078678,0.228153,0.410506,0.872207,0.907063,0.9783,1.029448,1.047126,0.143262,0.147787,0.193822,0.330888,0.451967,1,-8.985009,-0.583712,0.010562,9.00395,0.005509377,0.185207,0.21579,0.121408,0.000000139,0.094382,1.688862,0.163139
Gaia DR3 5608296625002735488,1,74,103.7909371,103.7909371,-30.06222393,-30.06222393,2.364781,0.38068,109.8366436,-52.55599284,2.520236566,-7.931030346,-2.536214349,0.008767732,0.01085097,0.012793556,0.012490791,0.015328527,-4.7096634,1.1434023,2016,7570.846,26.224747,8.4009075,0.000037,1.598313,1.673064,1.745595,7422.35,7549.38,7870.66,4.196238,4.21701,4.239499,-0.023939,0.196421,0.306743,0.386665,0.387998,0.39263,0.39568,0.398138,-0.053723,-0.016194,0.067593,0.20318,0.268331,1,-8.388642,-0.333747,-0.084768,8.395279,-0.008595586,0.0611,0.072972,0.041774,0.000149,0.031198,1.670991,0.158848
Gaia DR3 5569272208551498368,1,75,98.93746814,98.93746814,-43.07472335,-43.07472335,1.699449,0.320996,106.2086986,-66.01186096,3.14616627,-13.81752274,3.233791908,0.012791625,0.013999609,0.014599558,0.016126394,0.01704058,,,2016,7501.9893,,,0.000063,1.790758,1.813655,1.912,7566.59,7648.47,7854.16,4.007544,4.025608,4.048,-0.019348,0.082515,0.392604,0.31005,0.311357,0.315014,0.315745,0.31846,0.011427,0.056087,0.136009,0.221006,0.417267,1,-8.292489,-0.279484,-0.112107,8.297197,-0.004056573,0.122952,0.146853,0.084043,0.00000767,0.06281,1.624705,0.154605
Gaia DR3 5575085876283450368,1,76,96.79711851,96.79711851,-37.10197529,-37.10197529,1.818072,0.097117,100.9772125,-60.28250785,5.784440245,-19.08978952,13.8045566,0.08389874,0.09891541,0.10762144,0.11242418,0.1298249,,,2016,8280.085,,,0.000105,1.547657,1.835417,1.972893,8042.79,8643.7,9452.38,4.129815,4.20343,4.258767,-0.515355,-0.204667,0.013073,0.161673,0.166134,0.173286,0.179344,0.183135,-0.118288,0.003658,0.164497,0.381635,0.441626,1,-8.268392,-0.147212,-0.060655,8.269702,0.000607,0.151939,0.179717,0.102176,0.0000169,0.077541,1.574696,0.14744
Gaia DR3 2992781354145083136,1,77,92.8406334,92.8406334,-15.79314348,-15.79314348,1.172954,0.243186,93.52790662,-39.19764318,7.759706393,-0.117972516,-18.77058338,0.01748146,0.022094637,0.030760543,0.024040375,0.026384076,,,2016,7727.5146,,,0.000083,1.916858,2.065192,2.159,7923.19,7953.79,8352.97,3.882466,3.909904,3.936,-0.213823,0.1904,0.195188,0.126,0.127828,0.127858,0.129065,0.13011,0.049159,0.049861,0.053392,0.260055,0.299846,1,-8.290157,-0.083667,-0.034917,8.29058,-0.001752138,0.048741,0.057949,0.033077,0.00000991,0.024872,1.545419,0.146534
Gaia DR3 5278537488513876352,1,78,92.12206031,92.12206031,-71.11992356,-71.11992356,1.87922,0.140199,261.4494394,-85.37760519,4.175234998,3.437285143,10.01561656,0.026107151,0.025691805,0.027454909,0.038088143,0.0303238,,,2016,7970.1084,,,0.000047,1.618918,1.776391,1.971398,8212.95,8520.78,9258.15,4.17563,4.216743,4.300304,-0.411697,-0.099637,0.101161,0.233653,0.235192,0.238808,0.240858,0.241803,0.027936,0.098882,0.198907,0.373826,0.533791,1,-8.157965,-0.204552,-0.115847,8.160529,-0.003282428,0.183018,0.216865,0.123424,0.0000163,0.093441,1.532148,0.143338
Gaia DR3 3218275383519669888,1,79,87.10618062,87.10618062,-0.759617557,-0.759617557,2.095588,0.356288,86.82821377,-24.16704287,9.134149617,-19.48882502,-0.772142743,0.019624339,0.018264748,0.024377188,0.02378089,0.019634644,,,2016,7500.992676,,,0.000087,1.655409,1.797146,1.861833,7663.53,7706.53,7926.98,4.136144,4.179328,4.201305,-0.023494,0.216986,0.48387,0.108347,0.108671,0.109205,0.109679,0.110073,-0.024616,0.007282,0.04323,0.123591,0.227071,1,-8.294855,-0.046869,-0.027045,8.294988,-0.006620169,0.039252,0.046782,0.026747,9.65E-08,0.020035,1.465229,0.141791
Gaia DR3 4784786192734393600,1,80,72.16048308,72.16048308,-49.16995329,-49.16995329,1.193318,0.304959,53.43484065,-70.35330639,2.909724606,-1.529606664,0.768049044,0.011457743,0.01365126,0.014028756,0.015510798,0.016614448,,,2016,,,,0.000008,2.065,2.065145,2.271275,7923.19,7923.78,8640.55,3.908439,3.91,3.97862,0.191814,0.191814,0.290542,0.334594,0.336765,0.341778,0.345485,0.345718,-0.027172,-0.023477,-0.009883,0.268603,0.282678,1,-8.264427,-0.253972,-0.219453,8.268329,-0.010285258,-0.009034,-0.010733,-0.006125,0.000000018,-0.004608,1.41797,0.140199
Gaia DR3 3297587246041234304,1,81,62.69075698,62.69075698,7.288075552,7.288075552,2.094425,0.074429,62.0886852,-13.54426335,4.011239581,0.022241494,-5.970347457,0.017823206,0.013245006,0.020101333,0.023959262,0.017640308,9.991457939,0.82529968,2016,8159.145996,,,0.000027,1.564145,1.650288,1.815368,8123.89,8801.34,9229.03,4.254354,4.305893,4.354177,-0.50084,-0.230979,-0.086644,0.243799,0.245576,0.246657,0.249372,0.250888,0.230335,0.264383,0.475284,0.579609,0.69489,1,-8.41118,-0.017866,-0.126188,8.411199,-0.00036,0.435952,0.51753,0.294524,0.000000157,0.223006,1.394319,0.135572
Gaia DR3 67299186890270208,1,82,58.34623061,58.34623061,25.64256677,25.64256677,2.110322,0.209496,61.63380155,5.266726613,3.664552769,-0.205512657,-7.746768288,0.033606146,0.020359106,0.035454132,0.043640714,0.027125616,,,2016,7934.153809,,,0.000034,1.467915,1.694973,1.851384,7873.58,8086.23,9022.79,4.129478,4.220776,4.280317,-0.335231,-0.30131,0.081338,0.263824,0.267437,0.271526,0.276095,0.277581,0.182966,0.300526,0.406884,0.696497,0.766525,1,-8.445898,0.058558,-0.099152,8.4461,0.012670398,0.368234,0.439765,0.251335,0.000000107,0.18843,1.347181,0.097117
Gaia DR3 4642093772704100992,1,83,49.03353461,49.03353461,-73.54886804,-73.54886804,0.749679,0.07611,315.0573529,-74.79263252,4.029927949,1.074614332,25.76014098,0.135736108,0.117752947,0.131002635,0.172992587,0.148139432,,,2016,7948.858887,,,0.000115,1.971,2.041,2.08842,7850.46,8695.14,8807.81,3.797,3.826937,3.899089,-0.418584,-0.219524,-0.015503,0.22269,0.228329,0.23787,0.249687,0.262528,-0.045814,0.038118,0.334955,0.348131,0.441396,1,-8.136474,-0.171215,-0.152421,8.138274,0.0013448,0.307972,0.365126,0.207747,0.000000032,0.157379,1.193318,0.091031
Gaia DR3 5183412106158539776,1,84,47.5267518,47.5267518,-3.541305892,-3.541305892,1.869082,0.442668,44.00149985,-20.45724786,2.937038575,0.175628949,6.812498366,0.04051419,0.039062243,0.04894165,0.050163537,0.04488885,20.873848,0.38397494,2016,7056.7954,15.312946,3.0964644,0.00003,1.480048,1.493156,1.787895,6841.31,6885.4,7662.25,3.805555,3.816615,3.888451,-0.52821,-0.435825,-0.019492,0.327352,0.329206,0.341079,0.341899,0.346128,0.056491,0.057879,0.102277,0.470126,0.588012,1,-8.421739,-0.013851,-0.258796,8.42175,0.012888789,0.090883,0.109406,0.062944,0.0000116,0.046462,1.172954,0.07838
Gaia DR3 4618969428264480256,1,85,45.15367158,45.15367158,-81.90210436,-81.90210436,1.820855,0.242701,288.1978897,-71.45264446,3.45805071,-26.9123371,-16.85944798,0.011551882,0.01107499,0.012258021,0.014966779,0.015352853,,,2016,7841.461426,,,0.000141,1.622947,1.831816,1.945193,7608.2,7964.73,8416.64,4.06471,4.124442,4.172381,-0.203119,0.084262,0.278053,0.282617,0.283717,0.286887,0.288424,0.290509,0.026038,0.051812,0.216291,0.362305,0.463698,1,-8.089168,-0.210826,-0.159914,8.091914,-0.003575563,0.196438,0.234153,0.133778,0.000000154,0.100375,1.090128,0.076156
Gaia DR3 5137326935274065280,1,86,31.56595495,31.56595495,-19.12397529,-19.12397529,2.360844,0.39252,21.89058371,-29.82257901,3.19428899,25.46852424,-0.371503834,0.267491013,0.288540989,0.45090133,0.355391353,0.327986449,,,2016,7462.937012,,,0.000113,1.283,1.414276,1.453545,7077.61,7170.16,7304.28,3.960372,4.022814,4.261659,-0.52878,-0.424575,-0.253062,0.244224,0.266065,0.377522,0.404776,0.415692,-0.128694,-0.019892,0.013261,0.088296,0.254344,0.578125,-8.319922,-0.02528,-0.357074,8.319961,0.07752049,0.0119,0.014259,0.008182,0.000000186,0.006077,1.082977,0.07611
Gaia DR3 105728320868135808,1,87,30.8702345,30.8702345,26.53718798,26.53718798,2.262717,0.428137,37.95025954,13.13913522,6.203699717,-14.3790781,-5.425677858,0.07577561,0.07039073,0.08264225,0.10028437,0.10495888,-8.941886,0.58235234,2016,7106.312,24.534424,1.8378841,0.000068,1.56496,1.628619,1.73565,7030.3,7371.49,7583.01,4.102775,4.12515,4.166216,-0.13007,0.092938,0.406037,0.155583,0.15713,0.159991,0.163009,0.165934,-0.078806,-0.055357,0.133434,0.218121,0.362648,1,-8.305473,0.081431,-0.088553,8.305873,-0.005407691,0.11985,0.14357,0.082324,0.0000155,0.061246,0.85875,0.074429
Gaia DR3 505502605482123648,1,88,30.16774181,30.16774181,58.52690454,58.52690454,2.263384,0.325845,52.10724995,42.6985967,6.833103735,39.28245933,-17.05447757,0.011994549,0.014008848,0.022092871,0.018220186,0.024855366,,,2016,7600.154297,,,0.00019,1.57634,1.717012,1.752615,7689.02,7746.28,7921.47,4.186851,4.227911,4.240279,-0.204873,0.100276,0.205899,0.144586,0.144719,0.145634,0.146494,0.146989,-0.053558,-0.043107,0.006672,0.059383,0.106583,1,-8.297078,0.108266,-0.007969,8.297785,-0.006601572,0.006071,0.007228,0.004131,2.49E-08,0.003097,0.749679,0.063475
Gaia DR3 2458519755033679360,1,89,22.81860313,22.81860313,-11.1189796,-11.1189796,1.945185,0.266677,16.76279282,-19.1657409,3.256875898,-8.756474904,-24.43490739,0.12546696,0.067438856,0.13789542,0.17202725,0.07130132,,,2016,7701.7817,,,0.000115,1.645244,1.690567,1.893015,7471.5,7654.06,8216.11,4.018038,4.098921,4.138125,-0.411264,0.075677,0.19325,0.267048,0.28256,0.29747,0.324065,0.348383,-0.033056,-0.015207,0.088208,0.274804,0.434947,1,-8.285879,0.039731,-0.282019,8.285975,0.034944892,0.079876,0.095322,0.054535,0.00000692,0.040787,0.41088,0.019164
Gaia DR3 5034539498772633856,1,90,16.48190886,16.48190886,-26.72897932,-26.72897932,1.736549,0.14744,3.579697266,-30.89403627,4.713472209,-33.4665285,-19.89679382,0.081952304,0.060097262,0.10346549,0.10336525,0.125542656,,,2016,8224.420898,,,0.000173,1.595517,1.77941,1.988711,8225.08,8450.78,8780.79,4.077236,4.165077,4.226211,-0.507992,-0.126513,0.196511,0.199721,0.20477,0.213061,0.221496,0.228901,-0.092273,-0.015119,0.059776,0.166226,0.354044,1,-8.210804,-0.005436,-0.212717,8.210806,-0.00123477,0.055171,0.065269,0.037131,0.000000132,0.028138,0.359615,-0.085556
Gaia DR3 2426233764315367040,1,91,10.04174469,10.04174469,-8.931294997,-8.931294997,2.722212,0.135572,5.652785384,-12.17843356,4.046677935,30.28003179,14.42411746,0.033195697,0.023987109,0.039545167,0.047498357,0.052901093,-24.70811,0.6044819,2016,,15.534533,8.466487,0.000149,1.374396,1.428698,1.478028,8037.8,8248.62,8892.32,4.371768,4.40262,4.43779,-0.700725,-0.510978,-0.417335,0.240718,0.243773,0.246937,0.249934,0.252539,0.038429,0.048323,0.151042,0.333482,0.378147,1,-8.231785,0.07113,-0.234325,8.232092,0.005453348,0.138359,0.164266,0.09363,0.00000825,0.070636,-0.90786,-0.131542
Gaia DR3 2741721583476129664,1,92,2.127156887,2.127156887,4.471842232,4.471842232,1.394319,0.324641,3.730903317,3.257054526,1.905127429,10.41298224,27.91616721,0.11054384,0.076798394,0.116214447,0.136912346,0.094398744,,,2016,7286.920898,,,0.000132,1.67101,1.765685,1.782723,7369.08,7456.85,7659.82,3.780962,3.805381,3.949971,-0.429938,-0.221995,0.076755,0.444617,0.459781,0.536244,0.565698,0.589597,-0.041673,0.055286,0.093488,0.191686,0.415411,1,-8.266878,0.286379,-0.44841,8.271837,0.000549,0.08425,0.100765,0.057731,0.000000222,0.043034,-1.485063,-0.146381